source_id,url_or_file,retrieved_at,page_or_table,notes
YAHOO_HPG_20261009_105621_805649,https://query1.finance.yahoo.com/v8/finance/chart/HPG.VN?period1=1759942800&period2=1791478800&interval=1d&events=div%2Csplits,2026-10-09T10:56:23.950327+07:00,chart.indicators.quote,Raw snapshot: data/raw/prices/HPG_20261009_105621_805649.json; VND; adjustment basis unverified
HPG_9a2881a88ac8ca4c,https://file.hoaphat.com.vn/hoaphat-com-vn/2026/08/20260828-hpg-bctc-hop-nhat-soat-xet-6-thang-2026-va-giai-trinh-1-2.pdf,2026-10-09T10:56:34.772400+07:00,whole PDF; metrics not extracted,Báo cáo tài chính hợp nhất soát xét 6 tháng 2026; published_at=2026-08-28; listing=https://www.hoaphat.com.vn/quan-he-co-dong/bao-cao-tai-chinh
HPG_1f5c4b14f867d268,https://file.hoaphat.com.vn/hoaphat-com-vn/2026/07/20260730-hpg-bctc-hop-nhat-quy-2-2026-va-giai-trinh.pdf,2026-10-09T10:56:51.592435+07:00,whole PDF; metrics not extracted,Báo cáo tài chính hợp nhất Quý II/2026; published_at=2026-07-30; listing=https://www.hoaphat.com.vn/quan-he-co-dong/bao-cao-tai-chinh
YAHOO_HPG_20261009_111051_435832,https://query1.finance.yahoo.com/v8/finance/chart/HPG.VN?period1=1759942800&period2=1791478800&interval=1d&events=div%2Csplits,2026-10-09T11:10:53.491727+07:00,chart.indicators.quote,Raw snapshot: data/raw/prices/HPG_20261009_111051_435832.json; VND; adjustment basis unverified
YAHOO_HPG_20261009_114930_200741,https://query1.finance.yahoo.com/v8/finance/chart/HPG.VN?period1=1759942800&period2=1791478800&interval=1d&events=div%2Csplits,2026-10-09T11:49:32.502964+07:00,chart.indicators.quote,Raw snapshot: data/raw/prices/HPG_20261009_114930_200741.json; VND; adjustment basis unverified
HPG_9a2881a88ac8ca4c,data/raw/documents/20260828-hpg-bctc-hop-nhat-soat-xet-6-thang-2026-va-giai-trinh-1-2.pdf,2026-10-09T11:49:34.029746+07:00,whole PDF; metrics not extracted,Báo cáo tài chính hợp nhất soát xét 6 tháng 2026; published_at=2026-08-28; mode=local_cache_checked_sha256; source_url=https://file.hoaphat.com.vn/hoaphat-com-vn/2026/08/20260828-hpg-bctc-hop-nhat-soat-xet-6-thang-2026-va-giai-trinh-1-2.pdf; listing=https://www.hoaphat.com.vn/quan-he-co-dong/bao-cao-tai-chinh
HPG_1f5c4b14f867d268,data/raw/documents/20260730-hpg-bctc-hop-nhat-quy-2-2026-va-giai-trinh.pdf,2026-10-09T11:49:34.075124+07:00,whole PDF; metrics not extracted,Báo cáo tài chính hợp nhất Quý II/2026; published_at=2026-07-30; mode=local_cache_checked_sha256; source_url=https://file.hoaphat.com.vn/hoaphat-com-vn/2026/07/20260730-hpg-bctc-hop-nhat-quy-2-2026-va-giai-trinh.pdf; listing=https://www.hoaphat.com.vn/quan-he-co-dong/bao-cao-tai-chinh
YAHOO_HPG_20261009_121334_127598,https://query1.finance.yahoo.com/v8/finance/chart/HPG.VN?period1=1759942800&period2=1791478800&interval=1d&events=div%2Csplits,2026-10-09T12:13:34.677718+07:00,chart.indicators.quote,Raw snapshot: data/raw/prices/HPG_20261009_121334_127598.json; VND; adjustment basis unverified
HPG_9a2881a88ac8ca4c,data/raw/documents/20260828-hpg-bctc-hop-nhat-soat-xet-6-thang-2026-va-giai-trinh-1-2.pdf,2026-10-09T12:13:35.054780+07:00,whole PDF; metrics not extracted,Báo cáo tài chính hợp nhất soát xét 6 tháng 2026; published_at=2026-08-28; mode=local_cache_checked_sha256; source_url=https://file.hoaphat.com.vn/hoaphat-com-vn/2026/08/20260828-hpg-bctc-hop-nhat-soat-xet-6-thang-2026-va-giai-trinh-1-2.pdf; listing=https://www.hoaphat.com.vn/quan-he-co-dong/bao-cao-tai-chinh
HPG_1f5c4b14f867d268,data/raw/documents/20260730-hpg-bctc-hop-nhat-quy-2-2026-va-giai-trinh.pdf,2026-10-09T12:13:35.111100+07:00,whole PDF; metrics not extracted,Báo cáo tài chính hợp nhất Quý II/2026; published_at=2026-07-30; mode=local_cache_checked_sha256; source_url=https://file.hoaphat.com.vn/hoaphat-com-vn/2026/07/20260730-hpg-bctc-hop-nhat-quy-2-2026-va-giai-trinh.pdf; listing=https://www.hoaphat.com.vn/quan-he-co-dong/bao-cao-tai-chinh
YAHOO_FPT_20261009_121404_475566,https://query1.finance.yahoo.com/v8/finance/chart/FPT.VN?period1=1759942800&period2=1791478800&interval=1d&events=div%2Csplits,2026-10-09T12:14:04.892306+07:00,chart.indicators.quote,Raw snapshot: data/raw/prices/FPT_20261009_121404_475566.json; VND; adjustment basis unverified
YAHOO_VNM_20261009_121405_644231,https://query1.finance.yahoo.com/v8/finance/chart/VNM.VN?period1=1759942800&period2=1791478800&interval=1d&events=div%2Csplits,2026-10-09T12:14:06.597117+07:00,chart.indicators.quote,Raw snapshot: data/raw/prices/VNM_20261009_121405_644231.json; VND; adjustment basis unverified
YAHOO_HPG_20261009_122131_869845,https://query1.finance.yahoo.com/v8/finance/chart/HPG.VN?period1=1759942800&period2=1791478800&interval=1d&events=div%2Csplits,2026-10-09T12:21:32.302045+07:00,chart.indicators.quote,Raw snapshot: data/raw/prices/HPG_20261009_122131_869845.json; VND; adjustment basis unverified
HPG_9a2881a88ac8ca4c,data/raw/documents/20260828-hpg-bctc-hop-nhat-soat-xet-6-thang-2026-va-giai-trinh-1-2.pdf,2026-10-09T12:21:32.642725+07:00,whole PDF; metrics not extracted,Báo cáo tài chính hợp nhất soát xét 6 tháng 2026; published_at=2026-08-28; mode=local_cache_checked_sha256; source_url=https://file.hoaphat.com.vn/hoaphat-com-vn/2026/08/20260828-hpg-bctc-hop-nhat-soat-xet-6-thang-2026-va-giai-trinh-1-2.pdf; listing=https://www.hoaphat.com.vn/quan-he-co-dong/bao-cao-tai-chinh
HPG_1f5c4b14f867d268,data/raw/documents/20260730-hpg-bctc-hop-nhat-quy-2-2026-va-giai-trinh.pdf,2026-10-09T12:21:32.686309+07:00,whole PDF; metrics not extracted,Báo cáo tài chính hợp nhất Quý II/2026; published_at=2026-07-30; mode=local_cache_checked_sha256; source_url=https://file.hoaphat.com.vn/hoaphat-com-vn/2026/07/20260730-hpg-bctc-hop-nhat-quy-2-2026-va-giai-trinh.pdf; listing=https://www.hoaphat.com.vn/quan-he-co-dong/bao-cao-tai-chinh
YAHOO_FPT_20261009_122846_442240,https://query1.finance.yahoo.com/v8/finance/chart/FPT.VN?period1=1759942800&period2=1791478800&interval=1d&events=div%2Csplits,2026-10-09T12:28:46.934106+07:00,chart.indicators.quote,Raw snapshot: data/raw/prices/FPT_20261009_122846_442240.json; VND; adjustment basis unverified
YAHOO_HPG_20261009_123007_454766,https://query1.finance.yahoo.com/v8/finance/chart/HPG.VN?period1=1759942800&period2=1791478800&interval=1d&events=div%2Csplits,2026-10-09T12:30:07.944559+07:00,chart.indicators.quote,Raw snapshot: data/raw/prices/HPG_20261009_123007_454766.json; VND; adjustment basis unverified
HPG_9a2881a88ac8ca4c,data/raw/documents/20260828-hpg-bctc-hop-nhat-soat-xet-6-thang-2026-va-giai-trinh-1-2.pdf,2026-10-09T12:30:08.222171+07:00,whole PDF; metrics not extracted,Báo cáo tài chính hợp nhất soát xét 6 tháng 2026; published_at=2026-08-28; mode=local_cache_checked_sha256; source_url=https://file.hoaphat.com.vn/hoaphat-com-vn/2026/08/20260828-hpg-bctc-hop-nhat-soat-xet-6-thang-2026-va-giai-trinh-1-2.pdf; listing=https://www.hoaphat.com.vn/quan-he-co-dong/bao-cao-tai-chinh
HPG_1f5c4b14f867d268,data/raw/documents/20260730-hpg-bctc-hop-nhat-quy-2-2026-va-giai-trinh.pdf,2026-10-09T12:30:08.241750+07:00,whole PDF; metrics not extracted,Báo cáo tài chính hợp nhất Quý II/2026; published_at=2026-07-30; mode=local_cache_checked_sha256; source_url=https://file.hoaphat.com.vn/hoaphat-com-vn/2026/07/20260730-hpg-bctc-hop-nhat-quy-2-2026-va-giai-trinh.pdf; listing=https://www.hoaphat.com.vn/quan-he-co-dong/bao-cao-tai-chinh
YAHOO_FPT_20261009_123011_074727,https://query1.finance.yahoo.com/v8/finance/chart/FPT.VN?period1=1759942800&period2=1791478800&interval=1d&events=div%2Csplits,2026-10-09T12:30:11.730919+07:00,chart.indicators.quote,Raw snapshot: data/raw/prices/FPT_20261009_123011_074727.json; VND; adjustment basis unverified
YAHOO_VNM_20261009_123012_950387,https://query1.finance.yahoo.com/v8/finance/chart/VNM.VN?period1=1759942800&period2=1791478800&interval=1d&events=div%2Csplits,2026-10-09T12:30:13.345250+07:00,chart.indicators.quote,Raw snapshot: data/raw/prices/VNM_20261009_123012_950387.json; VND; adjustment basis unverified
YAHOO_HPG_20261009_123307_012711,https://query1.finance.yahoo.com/v8/finance/chart/HPG.VN?period1=1759942800&period2=1791478800&interval=1d&events=div%2Csplits,2026-10-09T12:33:07.971740+07:00,chart.indicators.quote,Raw snapshot: data/raw/prices/HPG_20261009_123307_012711.json; VND; adjustment basis unverified
HPG_9a2881a88ac8ca4c,data/raw/documents/20260828-hpg-bctc-hop-nhat-soat-xet-6-thang-2026-va-giai-trinh-1-2.pdf,2026-10-09T12:33:08.267533+07:00,whole PDF; metrics not extracted,Báo cáo tài chính hợp nhất soát xét 6 tháng 2026; published_at=2026-08-28; mode=local_cache_checked_sha256; source_url=https://file.hoaphat.com.vn/hoaphat-com-vn/2026/08/20260828-hpg-bctc-hop-nhat-soat-xet-6-thang-2026-va-giai-trinh-1-2.pdf; listing=https://www.hoaphat.com.vn/quan-he-co-dong/bao-cao-tai-chinh
HPG_1f5c4b14f867d268,data/raw/documents/20260730-hpg-bctc-hop-nhat-quy-2-2026-va-giai-trinh.pdf,2026-10-09T12:33:08.307309+07:00,whole PDF; metrics not extracted,Báo cáo tài chính hợp nhất Quý II/2026; published_at=2026-07-30; mode=local_cache_checked_sha256; source_url=https://file.hoaphat.com.vn/hoaphat-com-vn/2026/07/20260730-hpg-bctc-hop-nhat-quy-2-2026-va-giai-trinh.pdf; listing=https://www.hoaphat.com.vn/quan-he-co-dong/bao-cao-tai-chinh
KBS_balance_HPG_20261009_123307_012711,https://kbbuddywts.kbsec.com.vn/iis-server/investment/stock/finance-info/HPG?page=1&pageSize=4&unit=1000&termtype=1&type=CDKT&languageid=1,2026-10-09T12:33:08.839801+07:00,balance,Financial monetary values requested in thousand VND; EPS in VND/share
KBS_cashflow_HPG_20261009_123307_012711,https://kbbuddywts.kbsec.com.vn/iis-server/investment/stock/finance-info/HPG?page=1&pageSize=4&unit=1000&termtype=1&type=LCTT&termType=1&code=HPG,2026-10-09T12:33:08.774826+07:00,cashflow,Financial monetary values requested in thousand VND; EPS in VND/share
KBS_income_HPG_20261009_123307_012711,https://kbbuddywts.kbsec.com.vn/iis-server/investment/stock/finance-info/HPG?page=1&pageSize=4&unit=1000&termtype=1&type=KQKD&languageid=1,2026-10-09T12:33:08.680043+07:00,income,Financial monetary values requested in thousand VND; EPS in VND/share
KBS_news_HPG_20261009_123307_012711,https://kbbuddywts.kbsec.com.vn/iis-server/investment/stockinfo/news/HPG?l=1&p=1&s=12,2026-10-09T12:33:08.499535+07:00,news,Public source snapshot
KBS_price_check_HPG_20261009_123307_012711,https://kbbuddywts.kbsec.com.vn/iis-server/investment/stocks/HPG/data_day?sdate=24-08-2026&edate=08-10-2026,2026-10-09T12:33:08.498551+07:00,price_check,Public source snapshot
KBS_profile_HPG_20261009_123307_012711,https://kbbuddywts.kbsec.com.vn/iis-server/investment/stockinfo/profile/HPG?l=1,2026-10-09T12:33:08.511083+07:00,profile,Public source snapshot
YAHOO_HPG_20261009_123332_953320,https://query1.finance.yahoo.com/v8/finance/chart/HPG.VN?period1=1759942800&period2=1791478800&interval=1d&events=div%2Csplits,2026-10-09T12:33:33.533162+07:00,chart.indicators.quote,Raw snapshot: data/raw/prices/HPG_20261009_123332_953320.json; VND; adjustment basis unverified
HPG_9a2881a88ac8ca4c,data/raw/documents/20260828-hpg-bctc-hop-nhat-soat-xet-6-thang-2026-va-giai-trinh-1-2.pdf,2026-10-09T12:33:33.796025+07:00,whole PDF; metrics not extracted,Báo cáo tài chính hợp nhất soát xét 6 tháng 2026; published_at=2026-08-28; mode=local_cache_checked_sha256; source_url=https://file.hoaphat.com.vn/hoaphat-com-vn/2026/08/20260828-hpg-bctc-hop-nhat-soat-xet-6-thang-2026-va-giai-trinh-1-2.pdf; listing=https://www.hoaphat.com.vn/quan-he-co-dong/bao-cao-tai-chinh
HPG_1f5c4b14f867d268,data/raw/documents/20260730-hpg-bctc-hop-nhat-quy-2-2026-va-giai-trinh.pdf,2026-10-09T12:33:33.827338+07:00,whole PDF; metrics not extracted,Báo cáo tài chính hợp nhất Quý II/2026; published_at=2026-07-30; mode=local_cache_checked_sha256; source_url=https://file.hoaphat.com.vn/hoaphat-com-vn/2026/07/20260730-hpg-bctc-hop-nhat-quy-2-2026-va-giai-trinh.pdf; listing=https://www.hoaphat.com.vn/quan-he-co-dong/bao-cao-tai-chinh
KBS_balance_HPG_20261009_123332_953320,https://kbbuddywts.kbsec.com.vn/iis-server/investment/stock/finance-info/HPG?page=1&pageSize=4&unit=1000&termtype=1&type=CDKT&languageid=1,2026-10-09T12:33:34.392024+07:00,balance,Financial monetary values requested in thousand VND; EPS in VND/share
KBS_cashflow_HPG_20261009_123332_953320,https://kbbuddywts.kbsec.com.vn/iis-server/investment/stock/finance-info/HPG?page=1&pageSize=4&unit=1000&termtype=1&type=LCTT&termType=1&code=HPG,2026-10-09T12:33:34.396737+07:00,cashflow,Financial monetary values requested in thousand VND; EPS in VND/share
KBS_income_HPG_20261009_123332_953320,https://kbbuddywts.kbsec.com.vn/iis-server/investment/stock/finance-info/HPG?page=1&pageSize=4&unit=1000&termtype=1&type=KQKD&languageid=1,2026-10-09T12:33:34.243864+07:00,income,Financial monetary values requested in thousand VND; EPS in VND/share
KBS_news_HPG_20261009_123332_953320,https://kbbuddywts.kbsec.com.vn/iis-server/investment/stockinfo/news/HPG?l=1&p=1&s=12,2026-10-09T12:33:34.007191+07:00,news,Public source snapshot
KBS_price_check_HPG_20261009_123332_953320,https://kbbuddywts.kbsec.com.vn/iis-server/investment/stocks/HPG/data_day?sdate=24-08-2026&edate=08-10-2026,2026-10-09T12:33:34.007833+07:00,price_check,Public source snapshot
KBS_profile_HPG_20261009_123332_953320,https://kbbuddywts.kbsec.com.vn/iis-server/investment/stockinfo/profile/HPG?l=1,2026-10-09T12:33:34.072563+07:00,profile,Public source snapshot
YAHOO_HPG_20261009_123406_509901,https://query1.finance.yahoo.com/v8/finance/chart/HPG.VN?period1=1759942800&period2=1791478800&interval=1d&events=div%2Csplits,2026-10-09T12:34:07.760604+07:00,chart.indicators.quote,Raw snapshot: data/raw/prices/HPG_20261009_123406_509901.json; VND; adjustment basis unverified
HPG_9a2881a88ac8ca4c,data/raw/documents/20260828-hpg-bctc-hop-nhat-soat-xet-6-thang-2026-va-giai-trinh-1-2.pdf,2026-10-09T12:34:08.026069+07:00,whole PDF; metrics not extracted,Báo cáo tài chính hợp nhất soát xét 6 tháng 2026; published_at=2026-08-28; mode=local_cache_checked_sha256; source_url=https://file.hoaphat.com.vn/hoaphat-com-vn/2026/08/20260828-hpg-bctc-hop-nhat-soat-xet-6-thang-2026-va-giai-trinh-1-2.pdf; listing=https://www.hoaphat.com.vn/quan-he-co-dong/bao-cao-tai-chinh
HPG_1f5c4b14f867d268,data/raw/documents/20260730-hpg-bctc-hop-nhat-quy-2-2026-va-giai-trinh.pdf,2026-10-09T12:34:08.045218+07:00,whole PDF; metrics not extracted,Báo cáo tài chính hợp nhất Quý II/2026; published_at=2026-07-30; mode=local_cache_checked_sha256; source_url=https://file.hoaphat.com.vn/hoaphat-com-vn/2026/07/20260730-hpg-bctc-hop-nhat-quy-2-2026-va-giai-trinh.pdf; listing=https://www.hoaphat.com.vn/quan-he-co-dong/bao-cao-tai-chinh
KBS_balance_HPG_20261009_123406_509901,https://kbbuddywts.kbsec.com.vn/iis-server/investment/stock/finance-info/HPG?page=1&pageSize=4&unit=1000&termtype=1&type=CDKT&languageid=1,2026-10-09T12:34:08.545256+07:00,balance,Financial monetary values requested in thousand VND; EPS in VND/share
KBS_cashflow_HPG_20261009_123406_509901,https://kbbuddywts.kbsec.com.vn/iis-server/investment/stock/finance-info/HPG?page=1&pageSize=4&unit=1000&termtype=1&type=LCTT&termType=1&code=HPG,2026-10-09T12:34:08.497818+07:00,cashflow,Financial monetary values requested in thousand VND; EPS in VND/share
KBS_income_HPG_20261009_123406_509901,https://kbbuddywts.kbsec.com.vn/iis-server/investment/stock/finance-info/HPG?page=1&pageSize=4&unit=1000&termtype=1&type=KQKD&languageid=1,2026-10-09T12:34:08.406342+07:00,income,Financial monetary values requested in thousand VND; EPS in VND/share
KBS_news_HPG_20261009_123406_509901,https://kbbuddywts.kbsec.com.vn/iis-server/investment/stockinfo/news/HPG?l=1&p=1&s=12,2026-10-09T12:34:08.211858+07:00,news,Public source snapshot
KBS_price_check_HPG_20261009_123406_509901,https://kbbuddywts.kbsec.com.vn/iis-server/investment/stocks/HPG/data_day?sdate=24-08-2026&edate=08-10-2026,2026-10-09T12:34:08.231057+07:00,price_check,Public source snapshot
KBS_profile_HPG_20261009_123406_509901,https://kbbuddywts.kbsec.com.vn/iis-server/investment/stockinfo/profile/HPG?l=1,2026-10-09T12:34:08.239609+07:00,profile,Public source snapshot
YAHOO_HPG_20261009_123438_937834,https://query1.finance.yahoo.com/v8/finance/chart/HPG.VN?period1=1759942800&period2=1791478800&interval=1d&events=div%2Csplits,2026-10-09T12:34:39.601166+07:00,chart.indicators.quote,Raw snapshot: data/raw/prices/HPG_20261009_123438_937834.json; VND; adjustment basis unverified
HPG_9a2881a88ac8ca4c,data/raw/documents/20260828-hpg-bctc-hop-nhat-soat-xet-6-thang-2026-va-giai-trinh-1-2.pdf,2026-10-09T12:34:39.904660+07:00,whole PDF; metrics not extracted,Báo cáo tài chính hợp nhất soát xét 6 tháng 2026; published_at=2026-08-28; mode=local_cache_checked_sha256; source_url=https://file.hoaphat.com.vn/hoaphat-com-vn/2026/08/20260828-hpg-bctc-hop-nhat-soat-xet-6-thang-2026-va-giai-trinh-1-2.pdf; listing=https://www.hoaphat.com.vn/quan-he-co-dong/bao-cao-tai-chinh
HPG_1f5c4b14f867d268,data/raw/documents/20260730-hpg-bctc-hop-nhat-quy-2-2026-va-giai-trinh.pdf,2026-10-09T12:34:39.937430+07:00,whole PDF; metrics not extracted,Báo cáo tài chính hợp nhất Quý II/2026; published_at=2026-07-30; mode=local_cache_checked_sha256; source_url=https://file.hoaphat.com.vn/hoaphat-com-vn/2026/07/20260730-hpg-bctc-hop-nhat-quy-2-2026-va-giai-trinh.pdf; listing=https://www.hoaphat.com.vn/quan-he-co-dong/bao-cao-tai-chinh
KBS_balance_HPG_20261009_123438_937834,https://kbbuddywts.kbsec.com.vn/iis-server/investment/stock/finance-info/HPG?page=1&pageSize=4&unit=1000&termtype=1&type=CDKT&languageid=1,2026-10-09T12:34:40.531780+07:00,balance,Financial monetary values requested in thousand VND; EPS in VND/share
KBS_cashflow_HPG_20261009_123438_937834,https://kbbuddywts.kbsec.com.vn/iis-server/investment/stock/finance-info/HPG?page=1&pageSize=4&unit=1000&termtype=1&type=LCTT&termType=1&code=HPG,2026-10-09T12:34:40.438313+07:00,cashflow,Financial monetary values requested in thousand VND; EPS in VND/share
KBS_income_HPG_20261009_123438_937834,https://kbbuddywts.kbsec.com.vn/iis-server/investment/stock/finance-info/HPG?page=1&pageSize=4&unit=1000&termtype=1&type=KQKD&languageid=1,2026-10-09T12:34:40.339883+07:00,income,Financial monetary values requested in thousand VND; EPS in VND/share
KBS_news_HPG_20261009_123438_937834,https://kbbuddywts.kbsec.com.vn/iis-server/investment/stockinfo/news/HPG?l=1&p=1&s=12,2026-10-09T12:34:40.145445+07:00,news,Public source snapshot
KBS_price_check_HPG_20261009_123438_937834,https://kbbuddywts.kbsec.com.vn/iis-server/investment/stocks/HPG/data_day?sdate=24-08-2026&edate=08-10-2026,2026-10-09T12:34:40.151597+07:00,price_check,Public source snapshot
KBS_profile_HPG_20261009_123438_937834,https://kbbuddywts.kbsec.com.vn/iis-server/investment/stockinfo/profile/HPG?l=1,2026-10-09T12:34:40.173868+07:00,profile,Public source snapshot
YAHOO_FPT_20261009_123442_874338,https://query1.finance.yahoo.com/v8/finance/chart/FPT.VN?period1=1759942800&period2=1791478800&interval=1d&events=div%2Csplits,2026-10-09T12:34:43.777021+07:00,chart.indicators.quote,Raw snapshot: data/raw/prices/FPT_20261009_123442_874338.json; VND; adjustment basis unverified
KBS_balance_FPT_20261009_123442_874338,https://kbbuddywts.kbsec.com.vn/iis-server/investment/stock/finance-info/FPT?page=1&pageSize=4&unit=1000&termtype=1&type=CDKT&languageid=1,2026-10-09T12:34:44.300553+07:00,balance,Financial monetary values requested in thousand VND; EPS in VND/share
KBS_cashflow_FPT_20261009_123442_874338,https://kbbuddywts.kbsec.com.vn/iis-server/investment/stock/finance-info/FPT?page=1&pageSize=4&unit=1000&termtype=1&type=LCTT&termType=1&code=FPT,2026-10-09T12:34:44.276960+07:00,cashflow,Financial monetary values requested in thousand VND; EPS in VND/share
KBS_income_FPT_20261009_123442_874338,https://kbbuddywts.kbsec.com.vn/iis-server/investment/stock/finance-info/FPT?page=1&pageSize=4&unit=1000&termtype=1&type=KQKD&languageid=1,2026-10-09T12:34:44.179682+07:00,income,Financial monetary values requested in thousand VND; EPS in VND/share
KBS_news_FPT_20261009_123442_874338,https://kbbuddywts.kbsec.com.vn/iis-server/investment/stockinfo/news/FPT?l=1&p=1&s=12,2026-10-09T12:34:43.975796+07:00,news,Public source snapshot
KBS_price_check_FPT_20261009_123442_874338,https://kbbuddywts.kbsec.com.vn/iis-server/investment/stocks/FPT/data_day?sdate=24-08-2026&edate=08-10-2026,2026-10-09T12:34:43.975796+07:00,price_check,Public source snapshot
KBS_profile_FPT_20261009_123442_874338,https://kbbuddywts.kbsec.com.vn/iis-server/investment/stockinfo/profile/FPT?l=1,2026-10-09T12:34:44.004960+07:00,profile,Public source snapshot
YAHOO_VNM_20261009_123445_264055,https://query1.finance.yahoo.com/v8/finance/chart/VNM.VN?period1=1759942800&period2=1791478800&interval=1d&events=div%2Csplits,2026-10-09T12:34:46.640104+07:00,chart.indicators.quote,Raw snapshot: data/raw/prices/VNM_20261009_123445_264055.json; VND; adjustment basis unverified
KBS_balance_VNM_20261009_123445_264055,https://kbbuddywts.kbsec.com.vn/iis-server/investment/stock/finance-info/VNM?page=1&pageSize=4&unit=1000&termtype=1&type=CDKT&languageid=1,2026-10-09T12:34:47.144674+07:00,balance,Financial monetary values requested in thousand VND; EPS in VND/share
KBS_cashflow_VNM_20261009_123445_264055,https://kbbuddywts.kbsec.com.vn/iis-server/investment/stock/finance-info/VNM?page=1&pageSize=4&unit=1000&termtype=1&type=LCTT&termType=1&code=VNM,2026-10-09T12:34:47.159243+07:00,cashflow,Financial monetary values requested in thousand VND; EPS in VND/share
KBS_income_VNM_20261009_123445_264055,https://kbbuddywts.kbsec.com.vn/iis-server/investment/stock/finance-info/VNM?page=1&pageSize=4&unit=1000&termtype=1&type=KQKD&languageid=1,2026-10-09T12:34:47.040462+07:00,income,Financial monetary values requested in thousand VND; EPS in VND/share
KBS_news_VNM_20261009_123445_264055,https://kbbuddywts.kbsec.com.vn/iis-server/investment/stockinfo/news/VNM?l=1&p=1&s=12,2026-10-09T12:34:46.833676+07:00,news,Public source snapshot
KBS_price_check_VNM_20261009_123445_264055,https://kbbuddywts.kbsec.com.vn/iis-server/investment/stocks/VNM/data_day?sdate=24-08-2026&edate=08-10-2026,2026-10-09T12:34:46.832209+07:00,price_check,Public source snapshot
KBS_profile_VNM_20261009_123445_264055,https://kbbuddywts.kbsec.com.vn/iis-server/investment/stockinfo/profile/VNM?l=1,2026-10-09T12:34:46.866154+07:00,profile,Public source snapshot
YAHOO_HPG_20261009_130806_572547,https://query1.finance.yahoo.com/v8/finance/chart/HPG.VN?period1=1759942800&period2=1791478800&interval=1d&events=div%2Csplits,2026-10-09T13:08:07.024293+07:00,chart.indicators.quote,Raw snapshot: data/raw/prices/HPG_20261009_130806_572547.json; VND; adjustment basis unverified
HPG_9a2881a88ac8ca4c,data/raw/documents/20260828-hpg-bctc-hop-nhat-soat-xet-6-thang-2026-va-giai-trinh-1-2.pdf,2026-10-09T13:08:07.307181+07:00,whole PDF; metrics not extracted,Báo cáo tài chính hợp nhất soát xét 6 tháng 2026; published_at=2026-08-28; mode=local_cache_checked_sha256; source_url=https://file.hoaphat.com.vn/hoaphat-com-vn/2026/08/20260828-hpg-bctc-hop-nhat-soat-xet-6-thang-2026-va-giai-trinh-1-2.pdf; listing=https://www.hoaphat.com.vn/quan-he-co-dong/bao-cao-tai-chinh
HPG_1f5c4b14f867d268,data/raw/documents/20260730-hpg-bctc-hop-nhat-quy-2-2026-va-giai-trinh.pdf,2026-10-09T13:08:07.342140+07:00,whole PDF; metrics not extracted,Báo cáo tài chính hợp nhất Quý II/2026; published_at=2026-07-30; mode=local_cache_checked_sha256; source_url=https://file.hoaphat.com.vn/hoaphat-com-vn/2026/07/20260730-hpg-bctc-hop-nhat-quy-2-2026-va-giai-trinh.pdf; listing=https://www.hoaphat.com.vn/quan-he-co-dong/bao-cao-tai-chinh
KBS_balance_HPG_20261009_130806_572547,https://kbbuddywts.kbsec.com.vn/iis-server/investment/stock/finance-info/HPG?page=1&pageSize=4&unit=1000&termtype=1&type=CDKT&languageid=1,2026-10-09T13:08:07.897751+07:00,balance,Financial monetary values requested in thousand VND; EPS in VND/share
KBS_cashflow_HPG_20261009_130806_572547,https://kbbuddywts.kbsec.com.vn/iis-server/investment/stock/finance-info/HPG?page=1&pageSize=4&unit=1000&termtype=1&type=LCTT&termType=1&code=HPG,2026-10-09T13:08:07.801581+07:00,cashflow,Financial monetary values requested in thousand VND; EPS in VND/share
KBS_income_HPG_20261009_130806_572547,https://kbbuddywts.kbsec.com.vn/iis-server/investment/stock/finance-info/HPG?page=1&pageSize=4&unit=1000&termtype=1&type=KQKD&languageid=1,2026-10-09T13:08:07.744499+07:00,income,Financial monetary values requested in thousand VND; EPS in VND/share
KBS_news_HPG_20261009_130806_572547,https://kbbuddywts.kbsec.com.vn/iis-server/investment/stockinfo/news/HPG?l=1&p=1&s=12,2026-10-09T13:08:07.530558+07:00,news,Public source snapshot
KBS_price_check_HPG_20261009_130806_572547,https://kbbuddywts.kbsec.com.vn/iis-server/investment/stocks/HPG/data_day?sdate=24-08-2026&edate=08-10-2026,2026-10-09T13:08:07.543411+07:00,price_check,Public source snapshot
KBS_profile_HPG_20261009_130806_572547,https://kbbuddywts.kbsec.com.vn/iis-server/investment/stockinfo/profile/HPG?l=1,2026-10-09T13:08:07.568469+07:00,profile,Public source snapshot
NSO_HPG_20261009_130806_572547_0,https://www.nso.gov.vn/bai-top/2026/10/bao-cao-tinh-hinh-kinh-te-xa-hoi-quy-iii-va-9-thang-nam-2026/,2026-10-09T13:08:10.531568+07:00,Báo cáo tình hình kinh tế - xã hội quý III và 9 tháng năm 2026,NSO; published 2026-10-03; reference 9/2026; raw NSO_HPG_20261009_130806_572547_0.html
WDI_cpi_annual_HPG_20261009_130806_572547,https://api.worldbank.org/v2/country/VNM/indicator/FP.CPI.TOTL.ZG?format=json&per_page=20,2026-10-09T13:08:11.997203+07:00,cpi_annual,World Bank WDI annual; lastupdated not first release; historical/stale observations labeled
WDI_fx_annual_HPG_20261009_130806_572547,https://api.worldbank.org/v2/country/VNM/indicator/PA.NUS.FCRF?format=json&per_page=20,2026-10-09T13:08:12.181983+07:00,fx_annual,World Bank WDI annual; lastupdated not first release; historical/stale observations labeled
WDI_gdp_annual_HPG_20261009_130806_572547,https://api.worldbank.org/v2/country/VNM/indicator/NY.GDP.MKTP.KD.ZG?format=json&per_page=20,2026-10-09T13:08:10.945478+07:00,gdp_annual,World Bank WDI annual; lastupdated not first release; historical/stale observations labeled
WDI_lending_annual_HPG_20261009_130806_572547,https://api.worldbank.org/v2/country/VNM/indicator/FR.INR.LEND?format=json&per_page=20,2026-10-09T13:08:12.612314+07:00,lending_annual,World Bank WDI annual; lastupdated not first release; historical/stale observations labeled
KBS_sector_21_HPG_20261009_130806_572547,https://kbbuddywts.kbsec.com.vn/iis-server/investment/sector/stock?code=21&l=1,2026-10-09T13:08:09.099219+07:00,sector membership,KBS taxonomy; downloaded; current classification; intraday quote fields excluded
PEER_NKG_balance_HPG_20261009_130806_572547,https://kbbuddywts.kbsec.com.vn/iis-server/investment/stock/finance-info/NKG?page=1&pageSize=4&unit=1000&termtype=1&type=CDKT&languageid=1,2026-10-09T13:08:10.969988+07:00,NKG balance,KBS annual peer snapshot; period and scope checked; not independently verified
PEER_NKG_income_HPG_20261009_130806_572547,https://kbbuddywts.kbsec.com.vn/iis-server/investment/stock/finance-info/NKG?page=1&pageSize=4&unit=1000&termtype=1&type=KQKD&languageid=1,2026-10-09T13:08:12.459470+07:00,NKG income,KBS annual peer snapshot; period and scope checked; not independently verified
PEER_NKG_cashflow_HPG_20261009_130806_572547,https://kbbuddywts.kbsec.com.vn/iis-server/investment/stock/finance-info/NKG?page=1&pageSize=4&unit=1000&termtype=1&type=LCTT&termType=1&code=NKG,2026-10-09T13:08:12.508287+07:00,NKG cashflow,KBS annual peer snapshot; period and scope checked; not independently verified
PEER_HT1_balance_HPG_20261009_130806_572547,https://kbbuddywts.kbsec.com.vn/iis-server/investment/stock/finance-info/HT1?page=1&pageSize=4&unit=1000&termtype=1&type=CDKT&languageid=1,2026-10-09T13:08:10.502772+07:00,HT1 balance,KBS annual peer snapshot; period and scope checked; not independently verified
PEER_HT1_income_HPG_20261009_130806_572547,https://kbbuddywts.kbsec.com.vn/iis-server/investment/stock/finance-info/HT1?page=1&pageSize=4&unit=1000&termtype=1&type=KQKD&languageid=1,2026-10-09T13:08:12.433936+07:00,HT1 income,KBS annual peer snapshot; period and scope checked; not independently verified
PEER_HT1_cashflow_HPG_20261009_130806_572547,https://kbbuddywts.kbsec.com.vn/iis-server/investment/stock/finance-info/HT1?page=1&pageSize=4&unit=1000&termtype=1&type=LCTT&termType=1&code=HT1,2026-10-09T13:08:12.508287+07:00,HT1 cashflow,KBS annual peer snapshot; period and scope checked; not independently verified
PEER_VCS_balance_HPG_20261009_130806_572547,https://kbbuddywts.kbsec.com.vn/iis-server/investment/stock/finance-info/VCS?page=1&pageSize=4&unit=1000&termtype=1&type=CDKT&languageid=1,2026-10-09T13:08:11.709572+07:00,VCS balance,KBS annual peer snapshot; period and scope checked; not independently verified
PEER_VCS_income_HPG_20261009_130806_572547,https://kbbuddywts.kbsec.com.vn/iis-server/investment/stock/finance-info/VCS?page=1&pageSize=4&unit=1000&termtype=1&type=KQKD&languageid=1,2026-10-09T13:08:12.438546+07:00,VCS income,KBS annual peer snapshot; period and scope checked; not independently verified
PEER_VCS_cashflow_HPG_20261009_130806_572547,https://kbbuddywts.kbsec.com.vn/iis-server/investment/stock/finance-info/VCS?page=1&pageSize=4&unit=1000&termtype=1&type=LCTT&termType=1&code=VCS,2026-10-09T13:08:12.703938+07:00,VCS cashflow,KBS annual peer snapshot; period and scope checked; not independently verified
PEER_CVT_balance_HPG_20261009_130806_572547,https://kbbuddywts.kbsec.com.vn/iis-server/investment/stock/finance-info/CVT?page=1&pageSize=4&unit=1000&termtype=1&type=CDKT&languageid=1,2026-10-09T13:08:09.806982+07:00,CVT balance,KBS annual peer snapshot; period and scope checked; not independently verified
PEER_CVT_income_HPG_20261009_130806_572547,https://kbbuddywts.kbsec.com.vn/iis-server/investment/stock/finance-info/CVT?page=1&pageSize=4&unit=1000&termtype=1&type=KQKD&languageid=1,2026-10-09T13:08:12.640199+07:00,CVT income,KBS annual peer snapshot; period and scope checked; not independently verified
PEER_CVT_cashflow_HPG_20261009_130806_572547,https://kbbuddywts.kbsec.com.vn/iis-server/investment/stock/finance-info/CVT?page=1&pageSize=4&unit=1000&termtype=1&type=LCTT&termType=1&code=CVT,2026-10-09T13:08:12.725195+07:00,CVT cashflow,KBS annual peer snapshot; period and scope checked; not independently verified
YAHOO_HPG_20261009_131245_761510,https://query1.finance.yahoo.com/v8/finance/chart/HPG.VN?period1=1759942800&period2=1791478800&interval=1d&events=div%2Csplits,2026-10-09T13:12:47.852114+07:00,chart.indicators.quote,Raw snapshot: data/raw/prices/HPG_20261009_131245_761510.json; VND; adjustment basis unverified
HPG_9a2881a88ac8ca4c,data/raw/documents/20260828-hpg-bctc-hop-nhat-soat-xet-6-thang-2026-va-giai-trinh-1-2.pdf,2026-10-09T13:12:48.373326+07:00,whole PDF; metrics not extracted,Báo cáo tài chính hợp nhất soát xét 6 tháng 2026; published_at=2026-08-28; mode=local_cache_checked_sha256; source_url=https://file.hoaphat.com.vn/hoaphat-com-vn/2026/08/20260828-hpg-bctc-hop-nhat-soat-xet-6-thang-2026-va-giai-trinh-1-2.pdf; listing=https://www.hoaphat.com.vn/quan-he-co-dong/bao-cao-tai-chinh
HPG_1f5c4b14f867d268,data/raw/documents/20260730-hpg-bctc-hop-nhat-quy-2-2026-va-giai-trinh.pdf,2026-10-09T13:12:48.430587+07:00,whole PDF; metrics not extracted,Báo cáo tài chính hợp nhất Quý II/2026; published_at=2026-07-30; mode=local_cache_checked_sha256; source_url=https://file.hoaphat.com.vn/hoaphat-com-vn/2026/07/20260730-hpg-bctc-hop-nhat-quy-2-2026-va-giai-trinh.pdf; listing=https://www.hoaphat.com.vn/quan-he-co-dong/bao-cao-tai-chinh
KBS_balance_HPG_20261009_131245_761510,https://kbbuddywts.kbsec.com.vn/iis-server/investment/stock/finance-info/HPG?page=1&pageSize=4&unit=1000&termtype=1&type=CDKT&languageid=1,2026-10-09T13:12:48.993167+07:00,balance,Financial monetary values requested in thousand VND; EPS in VND/share
KBS_cashflow_HPG_20261009_131245_761510,https://kbbuddywts.kbsec.com.vn/iis-server/investment/stock/finance-info/HPG?page=1&pageSize=4&unit=1000&termtype=1&type=LCTT&termType=1&code=HPG,2026-10-09T13:12:48.936719+07:00,cashflow,Financial monetary values requested in thousand VND; EPS in VND/share
KBS_income_HPG_20261009_131245_761510,https://kbbuddywts.kbsec.com.vn/iis-server/investment/stock/finance-info/HPG?page=1&pageSize=4&unit=1000&termtype=1&type=KQKD&languageid=1,2026-10-09T13:12:48.865855+07:00,income,Financial monetary values requested in thousand VND; EPS in VND/share
KBS_news_HPG_20261009_131245_761510,https://kbbuddywts.kbsec.com.vn/iis-server/investment/stockinfo/news/HPG?l=1&p=1&s=12,2026-10-09T13:12:48.664805+07:00,news,Public source snapshot
KBS_price_check_HPG_20261009_131245_761510,https://kbbuddywts.kbsec.com.vn/iis-server/investment/stocks/HPG/data_day?sdate=24-08-2026&edate=08-10-2026,2026-10-09T13:12:48.663801+07:00,price_check,Public source snapshot
KBS_profile_HPG_20261009_131245_761510,https://kbbuddywts.kbsec.com.vn/iis-server/investment/stockinfo/profile/HPG?l=1,2026-10-09T13:12:48.680309+07:00,profile,Public source snapshot
NSO_HPG_20261009_131245_761510_0,https://www.nso.gov.vn/bai-top/2026/10/bao-cao-tinh-hinh-kinh-te-xa-hoi-quy-iii-va-9-thang-nam-2026/,2026-10-09T13:12:52.052319+07:00,Báo cáo tình hình kinh tế - xã hội quý III và 9 tháng năm 2026,NSO; published 2026-10-03; reference 9/2026; raw NSO_HPG_20261009_131245_761510_0.html
WDI_cpi_annual_HPG_20261009_131245_761510,https://api.worldbank.org/v2/country/VNM/indicator/FP.CPI.TOTL.ZG?format=json&per_page=20,2026-10-09T13:12:52.418955+07:00,cpi_annual,World Bank WDI annual; lastupdated not first release; historical/stale observations labeled
WDI_fx_annual_HPG_20261009_131245_761510,https://api.worldbank.org/v2/country/VNM/indicator/PA.NUS.FCRF?format=json&per_page=20,2026-10-09T13:12:52.422121+07:00,fx_annual,World Bank WDI annual; lastupdated not first release; historical/stale observations labeled
WDI_gdp_annual_HPG_20261009_131245_761510,https://api.worldbank.org/v2/country/VNM/indicator/NY.GDP.MKTP.KD.ZG?format=json&per_page=20,2026-10-09T13:12:52.418955+07:00,gdp_annual,World Bank WDI annual; lastupdated not first release; historical/stale observations labeled
WDI_lending_annual_HPG_20261009_131245_761510,https://api.worldbank.org/v2/country/VNM/indicator/FR.INR.LEND?format=json&per_page=20,2026-10-09T13:12:52.418955+07:00,lending_annual,World Bank WDI annual; lastupdated not first release; historical/stale observations labeled
SECTOR_1757_HPG_20261009_131245_761510,https://iq.vietcap.com.vn/api/iq-insight-service/v2/company/search-bar?language=1,2026-10-09T13:13:11.116418+07:00,sector membership,Vietcap ICB; downloaded; current classification; ratings/targets/intraday quote fields excluded
PEER_TVN_balance_HPG_20261009_131245_761510,https://kbbuddywts.kbsec.com.vn/iis-server/investment/stock/finance-info/TVN?page=1&pageSize=4&unit=1000&termtype=1&type=CDKT&languageid=1,2026-10-09T13:13:14.480217+07:00,TVN balance,KBS annual peer snapshot; period and scope checked; not independently verified
PEER_TVN_income_HPG_20261009_131245_761510,https://kbbuddywts.kbsec.com.vn/iis-server/investment/stock/finance-info/TVN?page=1&pageSize=4&unit=1000&termtype=1&type=KQKD&languageid=1,2026-10-09T13:13:15.092812+07:00,TVN income,KBS annual peer snapshot; period and scope checked; not independently verified
PEER_TVN_cashflow_HPG_20261009_131245_761510,https://kbbuddywts.kbsec.com.vn/iis-server/investment/stock/finance-info/TVN?page=1&pageSize=4&unit=1000&termtype=1&type=LCTT&termType=1&code=TVN,2026-10-09T13:13:15.143421+07:00,TVN cashflow,KBS annual peer snapshot; period and scope checked; not independently verified
PEER_NKG_balance_HPG_20261009_131245_761510,https://kbbuddywts.kbsec.com.vn/iis-server/investment/stock/finance-info/NKG?page=1&pageSize=4&unit=1000&termtype=1&type=CDKT&languageid=1,2026-10-09T13:13:13.083931+07:00,NKG balance,KBS annual peer snapshot; period and scope checked; not independently verified
PEER_NKG_income_HPG_20261009_131245_761510,https://kbbuddywts.kbsec.com.vn/iis-server/investment/stock/finance-info/NKG?page=1&pageSize=4&unit=1000&termtype=1&type=KQKD&languageid=1,2026-10-09T13:13:15.073836+07:00,NKG income,KBS annual peer snapshot; period and scope checked; not independently verified
PEER_NKG_cashflow_HPG_20261009_131245_761510,https://kbbuddywts.kbsec.com.vn/iis-server/investment/stock/finance-info/NKG?page=1&pageSize=4&unit=1000&termtype=1&type=LCTT&termType=1&code=NKG,2026-10-09T13:13:15.160167+07:00,NKG cashflow,KBS annual peer snapshot; period and scope checked; not independently verified
PEER_GDA_balance_HPG_20261009_131245_761510,https://kbbuddywts.kbsec.com.vn/iis-server/investment/stock/finance-info/GDA?page=1&pageSize=4&unit=1000&termtype=1&type=CDKT&languageid=1,2026-10-09T13:13:12.267110+07:00,GDA balance,KBS annual peer snapshot; period and scope checked; not independently verified
PEER_GDA_income_HPG_20261009_131245_761510,https://kbbuddywts.kbsec.com.vn/iis-server/investment/stock/finance-info/GDA?page=1&pageSize=4&unit=1000&termtype=1&type=KQKD&languageid=1,2026-10-09T13:13:15.059644+07:00,GDA income,KBS annual peer snapshot; period and scope checked; not independently verified
PEER_GDA_cashflow_HPG_20261009_131245_761510,https://kbbuddywts.kbsec.com.vn/iis-server/investment/stock/finance-info/GDA?page=1&pageSize=4&unit=1000&termtype=1&type=LCTT&termType=1&code=GDA,2026-10-09T13:13:15.385147+07:00,GDA cashflow,KBS annual peer snapshot; period and scope checked; not independently verified
PEER_SHI_balance_HPG_20261009_131245_761510,https://kbbuddywts.kbsec.com.vn/iis-server/investment/stock/finance-info/SHI?page=1&pageSize=4&unit=1000&termtype=1&type=CDKT&languageid=1,2026-10-09T13:13:13.465793+07:00,SHI balance,KBS annual peer snapshot; period and scope checked; not independently verified
PEER_SHI_income_HPG_20261009_131245_761510,https://kbbuddywts.kbsec.com.vn/iis-server/investment/stock/finance-info/SHI?page=1&pageSize=4&unit=1000&termtype=1&type=KQKD&languageid=1,2026-10-09T13:13:15.303985+07:00,SHI income,KBS annual peer snapshot; period and scope checked; not independently verified
PEER_SHI_cashflow_HPG_20261009_131245_761510,https://kbbuddywts.kbsec.com.vn/iis-server/investment/stock/finance-info/SHI?page=1&pageSize=4&unit=1000&termtype=1&type=LCTT&termType=1&code=SHI,2026-10-09T13:13:15.354140+07:00,SHI cashflow,KBS annual peer snapshot; period and scope checked; not independently verified
YAHOO_FPT_20261009_131315_672886,https://query1.finance.yahoo.com/v8/finance/chart/FPT.VN?period1=1759942800&period2=1791478800&interval=1d&events=div%2Csplits,2026-10-09T13:13:16.083678+07:00,chart.indicators.quote,Raw snapshot: data/raw/prices/FPT_20261009_131315_672886.json; VND; adjustment basis unverified
KBS_balance_FPT_20261009_131315_672886,https://kbbuddywts.kbsec.com.vn/iis-server/investment/stock/finance-info/FPT?page=1&pageSize=4&unit=1000&termtype=1&type=CDKT&languageid=1,2026-10-09T13:13:16.697721+07:00,balance,Financial monetary values requested in thousand VND; EPS in VND/share
KBS_cashflow_FPT_20261009_131315_672886,https://kbbuddywts.kbsec.com.vn/iis-server/investment/stock/finance-info/FPT?page=1&pageSize=4&unit=1000&termtype=1&type=LCTT&termType=1&code=FPT,2026-10-09T13:13:16.614635+07:00,cashflow,Financial monetary values requested in thousand VND; EPS in VND/share
KBS_income_FPT_20261009_131315_672886,https://kbbuddywts.kbsec.com.vn/iis-server/investment/stock/finance-info/FPT?page=1&pageSize=4&unit=1000&termtype=1&type=KQKD&languageid=1,2026-10-09T13:13:16.535313+07:00,income,Financial monetary values requested in thousand VND; EPS in VND/share
KBS_news_FPT_20261009_131315_672886,https://kbbuddywts.kbsec.com.vn/iis-server/investment/stockinfo/news/FPT?l=1&p=1&s=12,2026-10-09T13:13:16.320749+07:00,news,Public source snapshot
KBS_price_check_FPT_20261009_131315_672886,https://kbbuddywts.kbsec.com.vn/iis-server/investment/stocks/FPT/data_day?sdate=24-08-2026&edate=08-10-2026,2026-10-09T13:13:16.314116+07:00,price_check,Public source snapshot
KBS_profile_FPT_20261009_131315_672886,https://kbbuddywts.kbsec.com.vn/iis-server/investment/stockinfo/profile/FPT?l=1,2026-10-09T13:13:16.355733+07:00,profile,Public source snapshot
NSO_FPT_20261009_131315_672886_0,https://www.nso.gov.vn/bai-top/2026/10/bao-cao-tinh-hinh-kinh-te-xa-hoi-quy-iii-va-9-thang-nam-2026/,2026-10-09T13:13:18.897539+07:00,Báo cáo tình hình kinh tế - xã hội quý III và 9 tháng năm 2026,NSO; published 2026-10-03; reference 9/2026; raw NSO_FPT_20261009_131315_672886_0.html
WDI_cpi_annual_FPT_20261009_131315_672886,https://api.worldbank.org/v2/country/VNM/indicator/FP.CPI.TOTL.ZG?format=json&per_page=20,2026-10-09T13:13:19.273312+07:00,cpi_annual,World Bank WDI annual; lastupdated not first release; historical/stale observations labeled
WDI_fx_annual_FPT_20261009_131315_672886,https://api.worldbank.org/v2/country/VNM/indicator/PA.NUS.FCRF?format=json&per_page=20,2026-10-09T13:13:24.311586+07:00,fx_annual,World Bank WDI annual; lastupdated not first release; historical/stale observations labeled
WDI_gdp_annual_FPT_20261009_131315_672886,https://api.worldbank.org/v2/country/VNM/indicator/NY.GDP.MKTP.KD.ZG?format=json&per_page=20,2026-10-09T13:13:19.273312+07:00,gdp_annual,World Bank WDI annual; lastupdated not first release; historical/stale observations labeled
WDI_lending_annual_FPT_20261009_131315_672886,https://api.worldbank.org/v2/country/VNM/indicator/FR.INR.LEND?format=json&per_page=20,2026-10-09T13:13:19.267762+07:00,lending_annual,World Bank WDI annual; lastupdated not first release; historical/stale observations labeled
SECTOR_9537_FPT_20261009_131315_672886,https://iq.vietcap.com.vn/api/iq-insight-service/v2/company/search-bar?language=1,2026-10-09T13:13:11.116418+07:00,sector membership,Vietcap ICB; cache_under_1h; current classification; ratings/targets/intraday quote fields excluded
YAHOO_VNM_20261009_131324_385268,https://query1.finance.yahoo.com/v8/finance/chart/VNM.VN?period1=1759942800&period2=1791478800&interval=1d&events=div%2Csplits,2026-10-09T13:13:24.823648+07:00,chart.indicators.quote,Raw snapshot: data/raw/prices/VNM_20261009_131324_385268.json; VND; adjustment basis unverified
KBS_balance_VNM_20261009_131324_385268,https://kbbuddywts.kbsec.com.vn/iis-server/investment/stock/finance-info/VNM?page=1&pageSize=4&unit=1000&termtype=1&type=CDKT&languageid=1,2026-10-09T13:13:25.361720+07:00,balance,Financial monetary values requested in thousand VND; EPS in VND/share
KBS_cashflow_VNM_20261009_131324_385268,https://kbbuddywts.kbsec.com.vn/iis-server/investment/stock/finance-info/VNM?page=1&pageSize=4&unit=1000&termtype=1&type=LCTT&termType=1&code=VNM,2026-10-09T13:13:25.311719+07:00,cashflow,Financial monetary values requested in thousand VND; EPS in VND/share
KBS_income_VNM_20261009_131324_385268,https://kbbuddywts.kbsec.com.vn/iis-server/investment/stock/finance-info/VNM?page=1&pageSize=4&unit=1000&termtype=1&type=KQKD&languageid=1,2026-10-09T13:13:25.237720+07:00,income,Financial monetary values requested in thousand VND; EPS in VND/share
KBS_news_VNM_20261009_131324_385268,https://kbbuddywts.kbsec.com.vn/iis-server/investment/stockinfo/news/VNM?l=1&p=1&s=12,2026-10-09T13:13:25.042338+07:00,news,Public source snapshot
KBS_price_check_VNM_20261009_131324_385268,https://kbbuddywts.kbsec.com.vn/iis-server/investment/stocks/VNM/data_day?sdate=24-08-2026&edate=08-10-2026,2026-10-09T13:13:25.042338+07:00,price_check,Public source snapshot
KBS_profile_VNM_20261009_131324_385268,https://kbbuddywts.kbsec.com.vn/iis-server/investment/stockinfo/profile/VNM?l=1,2026-10-09T13:13:25.078530+07:00,profile,Public source snapshot
NSO_VNM_20261009_131324_385268_0,https://www.nso.gov.vn/bai-top/2026/10/bao-cao-tinh-hinh-kinh-te-xa-hoi-quy-iii-va-9-thang-nam-2026/,2026-10-09T13:13:28.547025+07:00,Báo cáo tình hình kinh tế - xã hội quý III và 9 tháng năm 2026,NSO; published 2026-10-03; reference 9/2026; raw NSO_VNM_20261009_131324_385268_0.html
WDI_cpi_annual_VNM_20261009_131324_385268,https://api.worldbank.org/v2/country/VNM/indicator/FP.CPI.TOTL.ZG?format=json&per_page=20,2026-10-09T13:13:28.834320+07:00,cpi_annual,World Bank WDI annual; lastupdated not first release; historical/stale observations labeled
WDI_fx_annual_VNM_20261009_131324_385268,https://api.worldbank.org/v2/country/VNM/indicator/PA.NUS.FCRF?format=json&per_page=20,2026-10-09T13:13:29.196110+07:00,fx_annual,World Bank WDI annual; lastupdated not first release; historical/stale observations labeled
WDI_gdp_annual_VNM_20261009_131324_385268,https://api.worldbank.org/v2/country/VNM/indicator/NY.GDP.MKTP.KD.ZG?format=json&per_page=20,2026-10-09T13:13:28.956477+07:00,gdp_annual,World Bank WDI annual; lastupdated not first release; historical/stale observations labeled
WDI_lending_annual_VNM_20261009_131324_385268,https://api.worldbank.org/v2/country/VNM/indicator/FR.INR.LEND?format=json&per_page=20,2026-10-09T13:13:29.894333+07:00,lending_annual,World Bank WDI annual; lastupdated not first release; historical/stale observations labeled
SECTOR_3577_VNM_20261009_131324_385268,https://iq.vietcap.com.vn/api/iq-insight-service/v2/company/search-bar?language=1,2026-10-09T13:13:11.116418+07:00,sector membership,Vietcap ICB; cache_under_1h; current classification; ratings/targets/intraday quote fields excluded
PEER_MCH_balance_VNM_20261009_131324_385268,https://kbbuddywts.kbsec.com.vn/iis-server/investment/stock/finance-info/MCH?page=1&pageSize=4&unit=1000&termtype=1&type=CDKT&languageid=1,2026-10-09T13:13:27.786893+07:00,MCH balance,KBS annual peer snapshot; period and scope checked; not independently verified
PEER_MCH_income_VNM_20261009_131324_385268,https://kbbuddywts.kbsec.com.vn/iis-server/investment/stock/finance-info/MCH?page=1&pageSize=4&unit=1000&termtype=1&type=KQKD&languageid=1,2026-10-09T13:13:29.233227+07:00,MCH income,KBS annual peer snapshot; period and scope checked; not independently verified
PEER_MCH_cashflow_VNM_20261009_131324_385268,https://kbbuddywts.kbsec.com.vn/iis-server/investment/stock/finance-info/MCH?page=1&pageSize=4&unit=1000&termtype=1&type=LCTT&termType=1&code=MCH,2026-10-09T13:13:29.327031+07:00,MCH cashflow,KBS annual peer snapshot; period and scope checked; not independently verified
PEER_PAN_balance_VNM_20261009_131324_385268,https://kbbuddywts.kbsec.com.vn/iis-server/investment/stock/finance-info/PAN?page=1&pageSize=4&unit=1000&termtype=1&type=CDKT&languageid=1,2026-10-09T13:13:28.167025+07:00,PAN balance,KBS annual peer snapshot; period and scope checked; not independently verified
PEER_PAN_income_VNM_20261009_131324_385268,https://kbbuddywts.kbsec.com.vn/iis-server/investment/stock/finance-info/PAN?page=1&pageSize=4&unit=1000&termtype=1&type=KQKD&languageid=1,2026-10-09T13:13:29.234234+07:00,PAN income,KBS annual peer snapshot; period and scope checked; not independently verified
PEER_PAN_cashflow_VNM_20261009_131324_385268,https://kbbuddywts.kbsec.com.vn/iis-server/investment/stock/finance-info/PAN?page=1&pageSize=4&unit=1000&termtype=1&type=LCTT&termType=1&code=PAN,2026-10-09T13:13:29.327031+07:00,PAN cashflow,KBS annual peer snapshot; period and scope checked; not independently verified
PEER_QNS_balance_VNM_20261009_131324_385268,https://kbbuddywts.kbsec.com.vn/iis-server/investment/stock/finance-info/QNS?page=1&pageSize=4&unit=1000&termtype=1&type=CDKT&languageid=1,2026-10-09T13:13:28.197470+07:00,QNS balance,KBS annual peer snapshot; period and scope checked; not independently verified
PEER_QNS_income_VNM_20261009_131324_385268,https://kbbuddywts.kbsec.com.vn/iis-server/investment/stock/finance-info/QNS?page=1&pageSize=4&unit=1000&termtype=1&type=KQKD&languageid=1,2026-10-09T13:13:29.296913+07:00,QNS income,KBS annual peer snapshot; period and scope checked; not independently verified
PEER_QNS_cashflow_VNM_20261009_131324_385268,https://kbbuddywts.kbsec.com.vn/iis-server/investment/stock/finance-info/QNS?page=1&pageSize=4&unit=1000&termtype=1&type=LCTT&termType=1&code=QNS,2026-10-09T13:13:29.488676+07:00,QNS cashflow,KBS annual peer snapshot; period and scope checked; not independently verified
PEER_KDC_balance_VNM_20261009_131324_385268,https://kbbuddywts.kbsec.com.vn/iis-server/investment/stock/finance-info/KDC?page=1&pageSize=4&unit=1000&termtype=1&type=CDKT&languageid=1,2026-10-09T13:13:27.374554+07:00,KDC balance,KBS annual peer snapshot; period and scope checked; not independently verified
PEER_KDC_income_VNM_20261009_131324_385268,https://kbbuddywts.kbsec.com.vn/iis-server/investment/stock/finance-info/KDC?page=1&pageSize=4&unit=1000&termtype=1&type=KQKD&languageid=1,2026-10-09T13:13:29.436131+07:00,KDC income,KBS annual peer snapshot; period and scope checked; not independently verified
PEER_KDC_cashflow_VNM_20261009_131324_385268,https://kbbuddywts.kbsec.com.vn/iis-server/investment/stock/finance-info/KDC?page=1&pageSize=4&unit=1000&termtype=1&type=LCTT&termType=1&code=KDC,2026-10-09T13:13:29.552009+07:00,KDC cashflow,KBS annual peer snapshot; period and scope checked; not independently verified
YAHOO_VCB_20261009_131329_933633,https://query1.finance.yahoo.com/v8/finance/chart/VCB.VN?period1=1759942800&period2=1791478800&interval=1d&events=div%2Csplits,2026-10-09T13:13:30.314995+07:00,chart.indicators.quote,Raw snapshot: data/raw/prices/VCB_20261009_131329_933633.json; VND; adjustment basis unverified
KBS_balance_VCB_20261009_131329_933633,https://kbbuddywts.kbsec.com.vn/iis-server/investment/stock/finance-info/VCB?page=1&pageSize=4&unit=1000&termtype=1&type=CDKT&languageid=1,2026-10-09T13:13:30.829573+07:00,balance,Financial monetary values requested in thousand VND; EPS in VND/share
KBS_cashflow_VCB_20261009_131329_933633,https://kbbuddywts.kbsec.com.vn/iis-server/investment/stock/finance-info/VCB?page=1&pageSize=4&unit=1000&termtype=1&type=LCTT&termType=1&code=VCB,2026-10-09T13:13:30.830578+07:00,cashflow,Financial monetary values requested in thousand VND; EPS in VND/share
KBS_income_VCB_20261009_131329_933633,https://kbbuddywts.kbsec.com.vn/iis-server/investment/stock/finance-info/VCB?page=1&pageSize=4&unit=1000&termtype=1&type=KQKD&languageid=1,2026-10-09T13:13:30.767356+07:00,income,Financial monetary values requested in thousand VND; EPS in VND/share
KBS_news_VCB_20261009_131329_933633,https://kbbuddywts.kbsec.com.vn/iis-server/investment/stockinfo/news/VCB?l=1&p=1&s=12,2026-10-09T13:13:30.519254+07:00,news,Public source snapshot
KBS_price_check_VCB_20261009_131329_933633,https://kbbuddywts.kbsec.com.vn/iis-server/investment/stocks/VCB/data_day?sdate=24-08-2026&edate=08-10-2026,2026-10-09T13:13:30.533074+07:00,price_check,Public source snapshot
KBS_profile_VCB_20261009_131329_933633,https://kbbuddywts.kbsec.com.vn/iis-server/investment/stockinfo/profile/VCB?l=1,2026-10-09T13:13:30.552479+07:00,profile,Public source snapshot
NSO_VCB_20261009_131329_933633_0,https://www.nso.gov.vn/bai-top/2026/10/bao-cao-tinh-hinh-kinh-te-xa-hoi-quy-iii-va-9-thang-nam-2026/,2026-10-09T13:13:33.142950+07:00,Báo cáo tình hình kinh tế - xã hội quý III và 9 tháng năm 2026,NSO; published 2026-10-03; reference 9/2026; raw NSO_VCB_20261009_131329_933633_0.html
WDI_cpi_annual_VCB_20261009_131329_933633,https://api.worldbank.org/v2/country/VNM/indicator/FP.CPI.TOTL.ZG?format=json&per_page=20,2026-10-09T13:13:33.445447+07:00,cpi_annual,World Bank WDI annual; lastupdated not first release; historical/stale observations labeled
WDI_fx_annual_VCB_20261009_131329_933633,https://api.worldbank.org/v2/country/VNM/indicator/PA.NUS.FCRF?format=json&per_page=20,2026-10-09T13:13:33.631186+07:00,fx_annual,World Bank WDI annual; lastupdated not first release; historical/stale observations labeled
WDI_gdp_annual_VCB_20261009_131329_933633,https://api.worldbank.org/v2/country/VNM/indicator/NY.GDP.MKTP.KD.ZG?format=json&per_page=20,2026-10-09T13:13:33.429589+07:00,gdp_annual,World Bank WDI annual; lastupdated not first release; historical/stale observations labeled
WDI_lending_annual_VCB_20261009_131329_933633,https://api.worldbank.org/v2/country/VNM/indicator/FR.INR.LEND?format=json&per_page=20,2026-10-09T13:13:33.430693+07:00,lending_annual,World Bank WDI annual; lastupdated not first release; historical/stale observations labeled
SECTOR_8355_VCB_20261009_131329_933633,https://iq.vietcap.com.vn/api/iq-insight-service/v2/company/search-bar?language=1,2026-10-09T13:13:11.116418+07:00,sector membership,Vietcap ICB; cache_under_1h; current classification; ratings/targets/intraday quote fields excluded
PEER_BID_balance_VCB_20261009_131329_933633,https://kbbuddywts.kbsec.com.vn/iis-server/investment/stock/finance-info/BID?page=1&pageSize=4&unit=1000&termtype=1&type=CDKT&languageid=1,2026-10-09T13:13:31.149256+07:00,BID balance,KBS annual peer snapshot; period and scope checked; not independently verified
PEER_BID_income_VCB_20261009_131329_933633,https://kbbuddywts.kbsec.com.vn/iis-server/investment/stock/finance-info/BID?page=1&pageSize=4&unit=1000&termtype=1&type=KQKD&languageid=1,2026-10-09T13:13:32.889835+07:00,BID income,KBS annual peer snapshot; period and scope checked; not independently verified
PEER_BID_cashflow_VCB_20261009_131329_933633,https://kbbuddywts.kbsec.com.vn/iis-server/investment/stock/finance-info/BID?page=1&pageSize=4&unit=1000&termtype=1&type=LCTT&termType=1&code=BID,2026-10-09T13:13:32.956501+07:00,BID cashflow,KBS annual peer snapshot; period and scope checked; not independently verified
PEER_CTG_balance_VCB_20261009_131329_933633,https://kbbuddywts.kbsec.com.vn/iis-server/investment/stock/finance-info/CTG?page=1&pageSize=4&unit=1000&termtype=1&type=CDKT&languageid=1,2026-10-09T13:13:31.403068+07:00,CTG balance,KBS annual peer snapshot; period and scope checked; not independently verified
PEER_CTG_income_VCB_20261009_131329_933633,https://kbbuddywts.kbsec.com.vn/iis-server/investment/stock/finance-info/CTG?page=1&pageSize=4&unit=1000&termtype=1&type=KQKD&languageid=1,2026-10-09T13:13:32.896845+07:00,CTG income,KBS annual peer snapshot; period and scope checked; not independently verified
PEER_CTG_cashflow_VCB_20261009_131329_933633,https://kbbuddywts.kbsec.com.vn/iis-server/investment/stock/finance-info/CTG?page=1&pageSize=4&unit=1000&termtype=1&type=LCTT&termType=1&code=CTG,2026-10-09T13:13:32.916538+07:00,CTG cashflow,KBS annual peer snapshot; period and scope checked; not independently verified
PEER_MBB_balance_VCB_20261009_131329_933633,https://kbbuddywts.kbsec.com.vn/iis-server/investment/stock/finance-info/MBB?page=1&pageSize=4&unit=1000&termtype=1&type=CDKT&languageid=1,2026-10-09T13:13:31.648036+07:00,MBB balance,KBS annual peer snapshot; period and scope checked; not independently verified
PEER_MBB_income_VCB_20261009_131329_933633,https://kbbuddywts.kbsec.com.vn/iis-server/investment/stock/finance-info/MBB?page=1&pageSize=4&unit=1000&termtype=1&type=KQKD&languageid=1,2026-10-09T13:13:32.895845+07:00,MBB income,KBS annual peer snapshot; period and scope checked; not independently verified
PEER_MBB_cashflow_VCB_20261009_131329_933633,https://kbbuddywts.kbsec.com.vn/iis-server/investment/stock/finance-info/MBB?page=1&pageSize=4&unit=1000&termtype=1&type=LCTT&termType=1&code=MBB,2026-10-09T13:13:33.185767+07:00,MBB cashflow,KBS annual peer snapshot; period and scope checked; not independently verified
PEER_TCB_balance_VCB_20261009_131329_933633,https://kbbuddywts.kbsec.com.vn/iis-server/investment/stock/finance-info/TCB?page=1&pageSize=4&unit=1000&termtype=1&type=CDKT&languageid=1,2026-10-09T13:13:32.365215+07:00,TCB balance,KBS annual peer snapshot; period and scope checked; not independently verified
PEER_TCB_income_VCB_20261009_131329_933633,https://kbbuddywts.kbsec.com.vn/iis-server/investment/stock/finance-info/TCB?page=1&pageSize=4&unit=1000&termtype=1&type=KQKD&languageid=1,2026-10-09T13:13:33.144949+07:00,TCB income,KBS annual peer snapshot; period and scope checked; not independently verified
PEER_TCB_cashflow_VCB_20261009_131329_933633,https://kbbuddywts.kbsec.com.vn/iis-server/investment/stock/finance-info/TCB?page=1&pageSize=4&unit=1000&termtype=1&type=LCTT&termType=1&code=TCB,2026-10-09T13:13:33.213212+07:00,TCB cashflow,KBS annual peer snapshot; period and scope checked; not independently verified
YAHOO_SSI_20261009_131333_667238,https://query1.finance.yahoo.com/v8/finance/chart/SSI.VN?period1=1759942800&period2=1791478800&interval=1d&events=div%2Csplits,2026-10-09T13:13:34.226131+07:00,chart.indicators.quote,Raw snapshot: data/raw/prices/SSI_20261009_131333_667238.json; VND; adjustment basis unverified
KBS_balance_SSI_20261009_131333_667238,https://kbbuddywts.kbsec.com.vn/iis-server/investment/stock/finance-info/SSI?page=1&pageSize=4&unit=1000&termtype=1&type=CDKT&languageid=1,2026-10-09T13:13:34.776743+07:00,balance,Financial monetary values requested in thousand VND; EPS in VND/share
KBS_cashflow_SSI_20261009_131333_667238,https://kbbuddywts.kbsec.com.vn/iis-server/investment/stock/finance-info/SSI?page=1&pageSize=4&unit=1000&termtype=1&type=LCTT&termType=1&code=SSI,2026-10-09T13:13:34.839305+07:00,cashflow,Financial monetary values requested in thousand VND; EPS in VND/share
KBS_income_SSI_20261009_131333_667238,https://kbbuddywts.kbsec.com.vn/iis-server/investment/stock/finance-info/SSI?page=1&pageSize=4&unit=1000&termtype=1&type=KQKD&languageid=1,2026-10-09T13:13:34.711215+07:00,income,Financial monetary values requested in thousand VND; EPS in VND/share
KBS_news_SSI_20261009_131333_667238,https://kbbuddywts.kbsec.com.vn/iis-server/investment/stockinfo/news/SSI?l=1&p=1&s=12,2026-10-09T13:13:34.406709+07:00,news,Public source snapshot
KBS_price_check_SSI_20261009_131333_667238,https://kbbuddywts.kbsec.com.vn/iis-server/investment/stocks/SSI/data_day?sdate=24-08-2026&edate=08-10-2026,2026-10-09T13:13:34.407712+07:00,price_check,Public source snapshot
KBS_profile_SSI_20261009_131333_667238,https://kbbuddywts.kbsec.com.vn/iis-server/investment/stockinfo/profile/SSI?l=1,2026-10-09T13:13:34.500966+07:00,profile,Public source snapshot
NSO_SSI_20261009_131333_667238_0,https://www.nso.gov.vn/bai-top/2026/10/bao-cao-tinh-hinh-kinh-te-xa-hoi-quy-iii-va-9-thang-nam-2026/,2026-10-09T13:13:37.458136+07:00,Báo cáo tình hình kinh tế - xã hội quý III và 9 tháng năm 2026,NSO; published 2026-10-03; reference 9/2026; raw NSO_SSI_20261009_131333_667238_0.html
WDI_cpi_annual_SSI_20261009_131333_667238,https://api.worldbank.org/v2/country/VNM/indicator/FP.CPI.TOTL.ZG?format=json&per_page=20,2026-10-09T13:13:37.746873+07:00,cpi_annual,World Bank WDI annual; lastupdated not first release; historical/stale observations labeled
WDI_fx_annual_SSI_20261009_131333_667238,https://api.worldbank.org/v2/country/VNM/indicator/PA.NUS.FCRF?format=json&per_page=20,2026-10-09T13:13:37.770297+07:00,fx_annual,World Bank WDI annual; lastupdated not first release; historical/stale observations labeled
WDI_gdp_annual_SSI_20261009_131333_667238,https://api.worldbank.org/v2/country/VNM/indicator/NY.GDP.MKTP.KD.ZG?format=json&per_page=20,2026-10-09T13:13:38.294691+07:00,gdp_annual,World Bank WDI annual; lastupdated not first release; historical/stale observations labeled
WDI_lending_annual_SSI_20261009_131333_667238,https://api.worldbank.org/v2/country/VNM/indicator/FR.INR.LEND?format=json&per_page=20,2026-10-09T13:13:37.749357+07:00,lending_annual,World Bank WDI annual; lastupdated not first release; historical/stale observations labeled
SECTOR_8777_SSI_20261009_131333_667238,https://iq.vietcap.com.vn/api/iq-insight-service/v2/company/search-bar?language=1,2026-10-09T13:13:11.116418+07:00,sector membership,Vietcap ICB; cache_under_1h; current classification; ratings/targets/intraday quote fields excluded
PEER_VCK_balance_SSI_20261009_131333_667238,https://kbbuddywts.kbsec.com.vn/iis-server/investment/stock/finance-info/VCK?page=1&pageSize=4&unit=1000&termtype=1&type=CDKT&languageid=1,2026-10-09T13:13:37.391280+07:00,VCK balance,KBS annual peer snapshot; period and scope checked; not independently verified
PEER_VCK_income_SSI_20261009_131333_667238,https://kbbuddywts.kbsec.com.vn/iis-server/investment/stock/finance-info/VCK?page=1&pageSize=4&unit=1000&termtype=1&type=KQKD&languageid=1,2026-10-09T13:13:38.445205+07:00,VCK income,KBS annual peer snapshot; period and scope checked; not independently verified
PEER_VCK_cashflow_SSI_20261009_131333_667238,https://kbbuddywts.kbsec.com.vn/iis-server/investment/stock/finance-info/VCK?page=1&pageSize=4&unit=1000&termtype=1&type=LCTT&termType=1&code=VCK,2026-10-09T13:13:38.539175+07:00,VCK cashflow,KBS annual peer snapshot; period and scope checked; not independently verified
PEER_TVS_balance_SSI_20261009_131333_667238,https://kbbuddywts.kbsec.com.vn/iis-server/investment/stock/finance-info/TVS?page=1&pageSize=4&unit=1000&termtype=1&type=CDKT&languageid=1,2026-10-09T13:13:37.346045+07:00,TVS balance,KBS annual peer snapshot; period and scope checked; not independently verified
PEER_TVS_income_SSI_20261009_131333_667238,https://kbbuddywts.kbsec.com.vn/iis-server/investment/stock/finance-info/TVS?page=1&pageSize=4&unit=1000&termtype=1&type=KQKD&languageid=1,2026-10-09T13:13:38.468853+07:00,TVS income,KBS annual peer snapshot; period and scope checked; not independently verified
PEER_TVS_cashflow_SSI_20261009_131333_667238,https://kbbuddywts.kbsec.com.vn/iis-server/investment/stock/finance-info/TVS?page=1&pageSize=4&unit=1000&termtype=1&type=LCTT&termType=1&code=TVS,2026-10-09T13:13:38.525431+07:00,TVS cashflow,KBS annual peer snapshot; period and scope checked; not independently verified
PEER_VDS_balance_SSI_20261009_131333_667238,https://kbbuddywts.kbsec.com.vn/iis-server/investment/stock/finance-info/VDS?page=1&pageSize=4&unit=1000&termtype=1&type=CDKT&languageid=1,2026-10-09T13:13:37.389280+07:00,VDS balance,KBS annual peer snapshot; period and scope checked; not independently verified
PEER_VDS_income_SSI_20261009_131333_667238,https://kbbuddywts.kbsec.com.vn/iis-server/investment/stock/finance-info/VDS?page=1&pageSize=4&unit=1000&termtype=1&type=KQKD&languageid=1,2026-10-09T13:13:38.496658+07:00,VDS income,KBS annual peer snapshot; period and scope checked; not independently verified
PEER_VDS_cashflow_SSI_20261009_131333_667238,https://kbbuddywts.kbsec.com.vn/iis-server/investment/stock/finance-info/VDS?page=1&pageSize=4&unit=1000&termtype=1&type=LCTT&termType=1&code=VDS,2026-10-09T13:13:38.806474+07:00,VDS cashflow,KBS annual peer snapshot; period and scope checked; not independently verified
PEER_TCI_balance_SSI_20261009_131333_667238,https://kbbuddywts.kbsec.com.vn/iis-server/investment/stock/finance-info/TCI?page=1&pageSize=4&unit=1000&termtype=1&type=CDKT&languageid=1,2026-10-09T13:13:36.986848+07:00,TCI balance,KBS annual peer snapshot; period and scope checked; not independently verified
PEER_TCI_income_SSI_20261009_131333_667238,https://kbbuddywts.kbsec.com.vn/iis-server/investment/stock/finance-info/TCI?page=1&pageSize=4&unit=1000&termtype=1&type=KQKD&languageid=1,2026-10-09T13:13:38.774813+07:00,TCI income,KBS annual peer snapshot; period and scope checked; not independently verified
PEER_TCI_cashflow_SSI_20261009_131333_667238,https://kbbuddywts.kbsec.com.vn/iis-server/investment/stock/finance-info/TCI?page=1&pageSize=4&unit=1000&termtype=1&type=LCTT&termType=1&code=TCI,2026-10-09T13:13:38.892917+07:00,TCI cashflow,KBS annual peer snapshot; period and scope checked; not independently verified
YAHOO_MWG_20261009_131338_978957,https://query1.finance.yahoo.com/v8/finance/chart/MWG.VN?period1=1759942800&period2=1791478800&interval=1d&events=div%2Csplits,2026-10-09T13:13:39.880979+07:00,chart.indicators.quote,Raw snapshot: data/raw/prices/MWG_20261009_131338_978957.json; VND; adjustment basis unverified
KBS_balance_MWG_20261009_131338_978957,https://kbbuddywts.kbsec.com.vn/iis-server/investment/stock/finance-info/MWG?page=1&pageSize=4&unit=1000&termtype=1&type=CDKT&languageid=1,2026-10-09T13:13:40.521971+07:00,balance,Financial monetary values requested in thousand VND; EPS in VND/share
KBS_cashflow_MWG_20261009_131338_978957,https://kbbuddywts.kbsec.com.vn/iis-server/investment/stock/finance-info/MWG?page=1&pageSize=4&unit=1000&termtype=1&type=LCTT&termType=1&code=MWG,2026-10-09T13:13:40.409595+07:00,cashflow,Financial monetary values requested in thousand VND; EPS in VND/share
KBS_income_MWG_20261009_131338_978957,https://kbbuddywts.kbsec.com.vn/iis-server/investment/stock/finance-info/MWG?page=1&pageSize=4&unit=1000&termtype=1&type=KQKD&languageid=1,2026-10-09T13:13:40.311899+07:00,income,Financial monetary values requested in thousand VND; EPS in VND/share
KBS_news_MWG_20261009_131338_978957,https://kbbuddywts.kbsec.com.vn/iis-server/investment/stockinfo/news/MWG?l=1&p=1&s=12,2026-10-09T13:13:40.106302+07:00,news,Public source snapshot
KBS_price_check_MWG_20261009_131338_978957,https://kbbuddywts.kbsec.com.vn/iis-server/investment/stocks/MWG/data_day?sdate=24-08-2026&edate=08-10-2026,2026-10-09T13:13:40.118321+07:00,price_check,Public source snapshot
KBS_profile_MWG_20261009_131338_978957,https://kbbuddywts.kbsec.com.vn/iis-server/investment/stockinfo/profile/MWG?l=1,2026-10-09T13:13:40.146065+07:00,profile,Public source snapshot
NSO_MWG_20261009_131338_978957_0,https://www.nso.gov.vn/bai-top/2026/10/bao-cao-tinh-hinh-kinh-te-xa-hoi-quy-iii-va-9-thang-nam-2026/,2026-10-09T13:13:42.708327+07:00,Báo cáo tình hình kinh tế - xã hội quý III và 9 tháng năm 2026,NSO; published 2026-10-03; reference 9/2026; raw NSO_MWG_20261009_131338_978957_0.html
WDI_cpi_annual_MWG_20261009_131338_978957,https://api.worldbank.org/v2/country/VNM/indicator/FP.CPI.TOTL.ZG?format=json&per_page=20,2026-10-09T13:13:43.008742+07:00,cpi_annual,World Bank WDI annual; lastupdated not first release; historical/stale observations labeled
WDI_fx_annual_MWG_20261009_131338_978957,https://api.worldbank.org/v2/country/VNM/indicator/PA.NUS.FCRF?format=json&per_page=20,2026-10-09T13:13:43.008742+07:00,fx_annual,World Bank WDI annual; lastupdated not first release; historical/stale observations labeled
WDI_gdp_annual_MWG_20261009_131338_978957,https://api.worldbank.org/v2/country/VNM/indicator/NY.GDP.MKTP.KD.ZG?format=json&per_page=20,2026-10-09T13:13:45.244299+07:00,gdp_annual,World Bank WDI annual; lastupdated not first release; historical/stale observations labeled
WDI_lending_annual_MWG_20261009_131338_978957,https://api.worldbank.org/v2/country/VNM/indicator/FR.INR.LEND?format=json&per_page=20,2026-10-09T13:13:44.023587+07:00,lending_annual,World Bank WDI annual; lastupdated not first release; historical/stale observations labeled
SECTOR_5379_MWG_20261009_131338_978957,https://iq.vietcap.com.vn/api/iq-insight-service/v2/company/search-bar?language=1,2026-10-09T13:13:11.116418+07:00,sector membership,Vietcap ICB; cache_under_1h; current classification; ratings/targets/intraday quote fields excluded
PEER_FRT_balance_MWG_20261009_131338_978957,https://kbbuddywts.kbsec.com.vn/iis-server/investment/stock/finance-info/FRT?page=1&pageSize=4&unit=1000&termtype=1&type=CDKT&languageid=1,2026-10-09T13:13:40.935695+07:00,FRT balance,KBS annual peer snapshot; period and scope checked; not independently verified
PEER_FRT_income_MWG_20261009_131338_978957,https://kbbuddywts.kbsec.com.vn/iis-server/investment/stock/finance-info/FRT?page=1&pageSize=4&unit=1000&termtype=1&type=KQKD&languageid=1,2026-10-09T13:13:41.525875+07:00,FRT income,KBS annual peer snapshot; period and scope checked; not independently verified
PEER_FRT_cashflow_MWG_20261009_131338_978957,https://kbbuddywts.kbsec.com.vn/iis-server/investment/stock/finance-info/FRT?page=1&pageSize=4&unit=1000&termtype=1&type=LCTT&termType=1&code=FRT,2026-10-09T13:13:41.597243+07:00,FRT cashflow,KBS annual peer snapshot; period and scope checked; not independently verified
PEER_PET_balance_MWG_20261009_131338_978957,https://kbbuddywts.kbsec.com.vn/iis-server/investment/stock/finance-info/PET?page=1&pageSize=4&unit=1000&termtype=1&type=CDKT&languageid=1,2026-10-09T13:13:40.928705+07:00,PET balance,KBS annual peer snapshot; period and scope checked; not independently verified
PEER_PET_income_MWG_20261009_131338_978957,https://kbbuddywts.kbsec.com.vn/iis-server/investment/stock/finance-info/PET?page=1&pageSize=4&unit=1000&termtype=1&type=KQKD&languageid=1,2026-10-09T13:13:41.555952+07:00,PET income,KBS annual peer snapshot; period and scope checked; not independently verified
PEER_PET_cashflow_MWG_20261009_131338_978957,https://kbbuddywts.kbsec.com.vn/iis-server/investment/stock/finance-info/PET?page=1&pageSize=4&unit=1000&termtype=1&type=LCTT&termType=1&code=PET,2026-10-09T13:13:41.561678+07:00,PET cashflow,KBS annual peer snapshot; period and scope checked; not independently verified
PEER_DGW_balance_MWG_20261009_131338_978957,https://kbbuddywts.kbsec.com.vn/iis-server/investment/stock/finance-info/DGW?page=1&pageSize=4&unit=1000&termtype=1&type=CDKT&languageid=1,2026-10-09T13:13:40.922568+07:00,DGW balance,KBS annual peer snapshot; period and scope checked; not independently verified
PEER_DGW_income_MWG_20261009_131338_978957,https://kbbuddywts.kbsec.com.vn/iis-server/investment/stock/finance-info/DGW?page=1&pageSize=4&unit=1000&termtype=1&type=KQKD&languageid=1,2026-10-09T13:13:41.554955+07:00,DGW income,KBS annual peer snapshot; period and scope checked; not independently verified
PEER_DGW_cashflow_MWG_20261009_131338_978957,https://kbbuddywts.kbsec.com.vn/iis-server/investment/stock/finance-info/DGW?page=1&pageSize=4&unit=1000&termtype=1&type=LCTT&termType=1&code=DGW,2026-10-09T13:13:41.833578+07:00,DGW cashflow,KBS annual peer snapshot; period and scope checked; not independently verified
PEER_AST_balance_MWG_20261009_131338_978957,https://kbbuddywts.kbsec.com.vn/iis-server/investment/stock/finance-info/AST?page=1&pageSize=4&unit=1000&termtype=1&type=CDKT&languageid=1,2026-10-09T13:13:40.924567+07:00,AST balance,KBS annual peer snapshot; period and scope checked; not independently verified
PEER_AST_income_MWG_20261009_131338_978957,https://kbbuddywts.kbsec.com.vn/iis-server/investment/stock/finance-info/AST?page=1&pageSize=4&unit=1000&termtype=1&type=KQKD&languageid=1,2026-10-09T13:13:41.780219+07:00,AST income,KBS annual peer snapshot; period and scope checked; not independently verified
PEER_AST_cashflow_MWG_20261009_131338_978957,https://kbbuddywts.kbsec.com.vn/iis-server/investment/stock/finance-info/AST?page=1&pageSize=4&unit=1000&termtype=1&type=LCTT&termType=1&code=AST,2026-10-09T13:13:41.834579+07:00,AST cashflow,KBS annual peer snapshot; period and scope checked; not independently verified
YAHOO_DGC_20261009_131345_292653,https://query1.finance.yahoo.com/v8/finance/chart/DGC.VN?period1=1759942800&period2=1791478800&interval=1d&events=div%2Csplits,2026-10-09T13:13:45.729686+07:00,chart.indicators.quote,Raw snapshot: data/raw/prices/DGC_20261009_131345_292653.json; VND; adjustment basis unverified
KBS_balance_DGC_20261009_131345_292653,https://kbbuddywts.kbsec.com.vn/iis-server/investment/stock/finance-info/DGC?page=1&pageSize=4&unit=1000&termtype=1&type=CDKT&languageid=1,2026-10-09T13:13:46.206928+07:00,balance,Financial monetary values requested in thousand VND; EPS in VND/share
KBS_cashflow_DGC_20261009_131345_292653,https://kbbuddywts.kbsec.com.vn/iis-server/investment/stock/finance-info/DGC?page=1&pageSize=4&unit=1000&termtype=1&type=LCTT&termType=1&code=DGC,2026-10-09T13:13:46.156151+07:00,cashflow,Financial monetary values requested in thousand VND; EPS in VND/share
KBS_income_DGC_20261009_131345_292653,https://kbbuddywts.kbsec.com.vn/iis-server/investment/stock/finance-info/DGC?page=1&pageSize=4&unit=1000&termtype=1&type=KQKD&languageid=1,2026-10-09T13:13:46.101661+07:00,income,Financial monetary values requested in thousand VND; EPS in VND/share
KBS_news_DGC_20261009_131345_292653,https://kbbuddywts.kbsec.com.vn/iis-server/investment/stockinfo/news/DGC?l=1&p=1&s=12,2026-10-09T13:13:45.907332+07:00,news,Public source snapshot
KBS_price_check_DGC_20261009_131345_292653,https://kbbuddywts.kbsec.com.vn/iis-server/investment/stocks/DGC/data_day?sdate=24-08-2026&edate=08-10-2026,2026-10-09T13:13:45.900818+07:00,price_check,Public source snapshot
KBS_profile_DGC_20261009_131345_292653,https://kbbuddywts.kbsec.com.vn/iis-server/investment/stockinfo/profile/DGC?l=1,2026-10-09T13:13:45.917282+07:00,profile,Public source snapshot
NSO_DGC_20261009_131345_292653_0,https://www.nso.gov.vn/bai-top/2026/10/bao-cao-tinh-hinh-kinh-te-xa-hoi-quy-iii-va-9-thang-nam-2026/,2026-10-09T13:13:48.404553+07:00,Báo cáo tình hình kinh tế - xã hội quý III và 9 tháng năm 2026,NSO; published 2026-10-03; reference 9/2026; raw NSO_DGC_20261009_131345_292653_0.html
WDI_cpi_annual_DGC_20261009_131345_292653,https://api.worldbank.org/v2/country/VNM/indicator/FP.CPI.TOTL.ZG?format=json&per_page=20,2026-10-09T13:13:48.702412+07:00,cpi_annual,World Bank WDI annual; lastupdated not first release; historical/stale observations labeled
WDI_fx_annual_DGC_20261009_131345_292653,https://api.worldbank.org/v2/country/VNM/indicator/PA.NUS.FCRF?format=json&per_page=20,2026-10-09T13:13:49.896774+07:00,fx_annual,World Bank WDI annual; lastupdated not first release; historical/stale observations labeled
WDI_gdp_annual_DGC_20261009_131345_292653,https://api.worldbank.org/v2/country/VNM/indicator/NY.GDP.MKTP.KD.ZG?format=json&per_page=20,2026-10-09T13:13:48.702412+07:00,gdp_annual,World Bank WDI annual; lastupdated not first release; historical/stale observations labeled
WDI_lending_annual_DGC_20261009_131345_292653,https://api.worldbank.org/v2/country/VNM/indicator/FR.INR.LEND?format=json&per_page=20,2026-10-09T13:13:49.327540+07:00,lending_annual,World Bank WDI annual; lastupdated not first release; historical/stale observations labeled
SECTOR_1357_DGC_20261009_131345_292653,https://iq.vietcap.com.vn/api/iq-insight-service/v2/company/search-bar?language=1,2026-10-09T13:13:11.116418+07:00,sector membership,Vietcap ICB; cache_under_1h; current classification; ratings/targets/intraday quote fields excluded
PEER_DPM_balance_DGC_20261009_131345_292653,https://kbbuddywts.kbsec.com.vn/iis-server/investment/stock/finance-info/DPM?page=1&pageSize=4&unit=1000&termtype=1&type=CDKT&languageid=1,2026-10-09T13:13:47.260941+07:00,DPM balance,KBS annual peer snapshot; period and scope checked; not independently verified
PEER_DPM_income_DGC_20261009_131345_292653,https://kbbuddywts.kbsec.com.vn/iis-server/investment/stock/finance-info/DPM?page=1&pageSize=4&unit=1000&termtype=1&type=KQKD&languageid=1,2026-10-09T13:13:49.152955+07:00,DPM income,KBS annual peer snapshot; period and scope checked; not independently verified
PEER_DPM_cashflow_DGC_20261009_131345_292653,https://kbbuddywts.kbsec.com.vn/iis-server/investment/stock/finance-info/DPM?page=1&pageSize=4&unit=1000&termtype=1&type=LCTT&termType=1&code=DPM,2026-10-09T13:13:49.249210+07:00,DPM cashflow,KBS annual peer snapshot; period and scope checked; not independently verified
PEER_DCM_balance_DGC_20261009_131345_292653,https://kbbuddywts.kbsec.com.vn/iis-server/investment/stock/finance-info/DCM?page=1&pageSize=4&unit=1000&termtype=1&type=CDKT&languageid=1,2026-10-09T13:13:46.916132+07:00,DCM balance,KBS annual peer snapshot; period and scope checked; not independently verified
PEER_DCM_income_DGC_20261009_131345_292653,https://kbbuddywts.kbsec.com.vn/iis-server/investment/stock/finance-info/DCM?page=1&pageSize=4&unit=1000&termtype=1&type=KQKD&languageid=1,2026-10-09T13:13:48.907874+07:00,DCM income,KBS annual peer snapshot; period and scope checked; not independently verified
PEER_DCM_cashflow_DGC_20261009_131345_292653,https://kbbuddywts.kbsec.com.vn/iis-server/investment/stock/finance-info/DCM?page=1&pageSize=4&unit=1000&termtype=1&type=LCTT&termType=1&code=DCM,2026-10-09T13:13:48.970312+07:00,DCM cashflow,KBS annual peer snapshot; period and scope checked; not independently verified
PEER_PLC_balance_DGC_20261009_131345_292653,https://kbbuddywts.kbsec.com.vn/iis-server/investment/stock/finance-info/PLC?page=1&pageSize=4&unit=1000&termtype=1&type=CDKT&languageid=1,2026-10-09T13:13:47.626204+07:00,PLC balance,KBS annual peer snapshot; period and scope checked; not independently verified
PEER_PLC_income_DGC_20261009_131345_292653,https://kbbuddywts.kbsec.com.vn/iis-server/investment/stock/finance-info/PLC?page=1&pageSize=4&unit=1000&termtype=1&type=KQKD&languageid=1,2026-10-09T13:13:49.150956+07:00,PLC income,KBS annual peer snapshot; period and scope checked; not independently verified
PEER_PLC_cashflow_DGC_20261009_131345_292653,https://kbbuddywts.kbsec.com.vn/iis-server/investment/stock/finance-info/PLC?page=1&pageSize=4&unit=1000&termtype=1&type=LCTT&termType=1&code=PLC,2026-10-09T13:13:49.164879+07:00,PLC cashflow,KBS annual peer snapshot; period and scope checked; not independently verified
PEER_BFC_balance_DGC_20261009_131345_292653,https://kbbuddywts.kbsec.com.vn/iis-server/investment/stock/finance-info/BFC?page=1&pageSize=4&unit=1000&termtype=1&type=CDKT&languageid=1,2026-10-09T13:13:46.579682+07:00,BFC balance,KBS annual peer snapshot; period and scope checked; not independently verified
PEER_BFC_income_DGC_20261009_131345_292653,https://kbbuddywts.kbsec.com.vn/iis-server/investment/stock/finance-info/BFC?page=1&pageSize=4&unit=1000&termtype=1&type=KQKD&languageid=1,2026-10-09T13:13:49.178720+07:00,BFC income,KBS annual peer snapshot; period and scope checked; not independently verified
PEER_BFC_cashflow_DGC_20261009_131345_292653,https://kbbuddywts.kbsec.com.vn/iis-server/investment/stock/finance-info/BFC?page=1&pageSize=4&unit=1000&termtype=1&type=LCTT&termType=1&code=BFC,2026-10-09T13:13:49.392003+07:00,BFC cashflow,KBS annual peer snapshot; period and scope checked; not independently verified
YAHOO_REE_20261009_131349_941522,https://query1.finance.yahoo.com/v8/finance/chart/REE.VN?period1=1759942800&period2=1791478800&interval=1d&events=div%2Csplits,2026-10-09T13:13:50.333796+07:00,chart.indicators.quote,Raw snapshot: data/raw/prices/REE_20261009_131349_941522.json; VND; adjustment basis unverified
KBS_balance_REE_20261009_131349_941522,https://kbbuddywts.kbsec.com.vn/iis-server/investment/stock/finance-info/REE?page=1&pageSize=4&unit=1000&termtype=1&type=CDKT&languageid=1,2026-10-09T13:13:50.888785+07:00,balance,Financial monetary values requested in thousand VND; EPS in VND/share
KBS_cashflow_REE_20261009_131349_941522,https://kbbuddywts.kbsec.com.vn/iis-server/investment/stock/finance-info/REE?page=1&pageSize=4&unit=1000&termtype=1&type=LCTT&termType=1&code=REE,2026-10-09T13:13:50.777513+07:00,cashflow,Financial monetary values requested in thousand VND; EPS in VND/share
KBS_income_REE_20261009_131349_941522,https://kbbuddywts.kbsec.com.vn/iis-server/investment/stock/finance-info/REE?page=1&pageSize=4&unit=1000&termtype=1&type=KQKD&languageid=1,2026-10-09T13:13:50.748206+07:00,income,Financial monetary values requested in thousand VND; EPS in VND/share
KBS_news_REE_20261009_131349_941522,https://kbbuddywts.kbsec.com.vn/iis-server/investment/stockinfo/news/REE?l=1&p=1&s=12,2026-10-09T13:13:50.512450+07:00,news,Public source snapshot
KBS_price_check_REE_20261009_131349_941522,https://kbbuddywts.kbsec.com.vn/iis-server/investment/stocks/REE/data_day?sdate=24-08-2026&edate=08-10-2026,2026-10-09T13:13:50.513452+07:00,price_check,Public source snapshot
KBS_profile_REE_20261009_131349_941522,https://kbbuddywts.kbsec.com.vn/iis-server/investment/stockinfo/profile/REE?l=1,2026-10-09T13:13:50.566372+07:00,profile,Public source snapshot
NSO_REE_20261009_131349_941522_0,https://www.nso.gov.vn/bai-top/2026/10/bao-cao-tinh-hinh-kinh-te-xa-hoi-quy-iii-va-9-thang-nam-2026/,2026-10-09T13:13:53.148293+07:00,Báo cáo tình hình kinh tế - xã hội quý III và 9 tháng năm 2026,NSO; published 2026-10-03; reference 9/2026; raw NSO_REE_20261009_131349_941522_0.html
WDI_cpi_annual_REE_20261009_131349_941522,https://api.worldbank.org/v2/country/VNM/indicator/FP.CPI.TOTL.ZG?format=json&per_page=20,2026-10-09T13:13:53.465760+07:00,cpi_annual,World Bank WDI annual; lastupdated not first release; historical/stale observations labeled
WDI_fx_annual_REE_20261009_131349_941522,https://api.worldbank.org/v2/country/VNM/indicator/PA.NUS.FCRF?format=json&per_page=20,2026-10-09T13:13:53.420347+07:00,fx_annual,World Bank WDI annual; lastupdated not first release; historical/stale observations labeled
WDI_gdp_annual_REE_20261009_131349_941522,https://api.worldbank.org/v2/country/VNM/indicator/NY.GDP.MKTP.KD.ZG?format=json&per_page=20,2026-10-09T13:13:53.465760+07:00,gdp_annual,World Bank WDI annual; lastupdated not first release; historical/stale observations labeled
WDI_lending_annual_REE_20261009_131349_941522,https://api.worldbank.org/v2/country/VNM/indicator/FR.INR.LEND?format=json&per_page=20,2026-10-09T13:13:53.643291+07:00,lending_annual,World Bank WDI annual; lastupdated not first release; historical/stale observations labeled
SECTOR_7535_REE_20261009_131349_941522,https://iq.vietcap.com.vn/api/iq-insight-service/v2/company/search-bar?language=1,2026-10-09T13:13:11.116418+07:00,sector membership,Vietcap ICB; cache_under_1h; current classification; ratings/targets/intraday quote fields excluded
PEER_POW_balance_REE_20261009_131349_941522,https://kbbuddywts.kbsec.com.vn/iis-server/investment/stock/finance-info/POW?page=1&pageSize=4&unit=1000&termtype=1&type=CDKT&languageid=1,2026-10-09T13:13:53.154293+07:00,POW balance,KBS annual peer snapshot; period and scope checked; not independently verified
PEER_POW_income_REE_20261009_131349_941522,https://kbbuddywts.kbsec.com.vn/iis-server/investment/stock/finance-info/POW?page=1&pageSize=4&unit=1000&termtype=1&type=KQKD&languageid=1,2026-10-09T13:13:55.067264+07:00,POW income,KBS annual peer snapshot; period and scope checked; not independently verified
PEER_POW_cashflow_REE_20261009_131349_941522,https://kbbuddywts.kbsec.com.vn/iis-server/investment/stock/finance-info/POW?page=1&pageSize=4&unit=1000&termtype=1&type=LCTT&termType=1&code=POW,2026-10-09T13:13:55.123433+07:00,POW cashflow,KBS annual peer snapshot; period and scope checked; not independently verified
PEER_PGV_balance_REE_20261009_131349_941522,https://kbbuddywts.kbsec.com.vn/iis-server/investment/stock/finance-info/PGV?page=1&pageSize=4&unit=1000&termtype=1&type=CDKT&languageid=1,2026-10-09T13:13:52.972739+07:00,PGV balance,KBS annual peer snapshot; period and scope checked; not independently verified
PEER_PGV_income_REE_20261009_131349_941522,https://kbbuddywts.kbsec.com.vn/iis-server/investment/stock/finance-info/PGV?page=1&pageSize=4&unit=1000&termtype=1&type=KQKD&languageid=1,2026-10-09T13:13:55.060032+07:00,PGV income,KBS annual peer snapshot; period and scope checked; not independently verified
PEER_PGV_cashflow_REE_20261009_131349_941522,https://kbbuddywts.kbsec.com.vn/iis-server/investment/stock/finance-info/PGV?page=1&pageSize=4&unit=1000&termtype=1&type=LCTT&termType=1&code=PGV,2026-10-09T13:13:55.125434+07:00,PGV cashflow,KBS annual peer snapshot; period and scope checked; not independently verified
PEER_BGE_balance_REE_20261009_131349_941522,https://kbbuddywts.kbsec.com.vn/iis-server/investment/stock/finance-info/BGE?page=1&pageSize=4&unit=1000&termtype=1&type=CDKT&languageid=1,2026-10-09T13:13:51.302342+07:00,BGE balance,KBS annual peer snapshot; period and scope checked; not independently verified
PEER_BGE_income_REE_20261009_131349_941522,https://kbbuddywts.kbsec.com.vn/iis-server/investment/stock/finance-info/BGE?page=1&pageSize=4&unit=1000&termtype=1&type=KQKD&languageid=1,2026-10-09T13:13:55.058032+07:00,BGE income,KBS annual peer snapshot; period and scope checked; not independently verified
PEER_BGE_cashflow_REE_20261009_131349_941522,https://kbbuddywts.kbsec.com.vn/iis-server/investment/stock/finance-info/BGE?page=1&pageSize=4&unit=1000&termtype=1&type=LCTT&termType=1&code=BGE,2026-10-09T13:13:55.340860+07:00,BGE cashflow,KBS annual peer snapshot; period and scope checked; not independently verified
PEER_DTK_balance_REE_20261009_131349_941522,https://kbbuddywts.kbsec.com.vn/iis-server/investment/stock/finance-info/DTK?page=1&pageSize=4&unit=1000&termtype=1&type=CDKT&languageid=1,2026-10-09T13:13:51.899843+07:00,DTK balance,KBS annual peer snapshot; period and scope checked; not independently verified
PEER_DTK_income_REE_20261009_131349_941522,https://kbbuddywts.kbsec.com.vn/iis-server/investment/stock/finance-info/DTK?page=1&pageSize=4&unit=1000&termtype=1&type=KQKD&languageid=1,2026-10-09T13:13:55.258795+07:00,DTK income,KBS annual peer snapshot; period and scope checked; not independently verified
PEER_DTK_cashflow_REE_20261009_131349_941522,https://kbbuddywts.kbsec.com.vn/iis-server/investment/stock/finance-info/DTK?page=1&pageSize=4&unit=1000&termtype=1&type=LCTT&termType=1&code=DTK,2026-10-09T13:13:55.317863+07:00,DTK cashflow,KBS annual peer snapshot; period and scope checked; not independently verified
YAHOO_FPT_20261009_131834_241530,https://query1.finance.yahoo.com/v8/finance/chart/FPT.VN?period1=1759942800&period2=1791478800&interval=1d&events=div%2Csplits,2026-10-09T13:18:34.893241+07:00,chart.indicators.quote,Raw snapshot: data/raw/prices/FPT_20261009_131834_241530.json; VND; adjustment basis unverified
KBS_balance_FPT_20261009_131834_241530,https://kbbuddywts.kbsec.com.vn/iis-server/investment/stock/finance-info/FPT?page=1&pageSize=4&unit=1000&termtype=1&type=CDKT&languageid=1,2026-10-09T13:18:35.473453+07:00,balance,Financial monetary values requested in thousand VND; EPS in VND/share
KBS_cashflow_FPT_20261009_131834_241530,https://kbbuddywts.kbsec.com.vn/iis-server/investment/stock/finance-info/FPT?page=1&pageSize=4&unit=1000&termtype=1&type=LCTT&termType=1&code=FPT,2026-10-09T13:18:35.444525+07:00,cashflow,Financial monetary values requested in thousand VND; EPS in VND/share
KBS_income_FPT_20261009_131834_241530,https://kbbuddywts.kbsec.com.vn/iis-server/investment/stock/finance-info/FPT?page=1&pageSize=4&unit=1000&termtype=1&type=KQKD&languageid=1,2026-10-09T13:18:35.299015+07:00,income,Financial monetary values requested in thousand VND; EPS in VND/share
KBS_news_FPT_20261009_131834_241530,https://kbbuddywts.kbsec.com.vn/iis-server/investment/stockinfo/news/FPT?l=1&p=1&s=12,2026-10-09T13:18:35.089619+07:00,news,Public source snapshot
KBS_price_check_FPT_20261009_131834_241530,https://kbbuddywts.kbsec.com.vn/iis-server/investment/stocks/FPT/data_day?sdate=24-08-2026&edate=08-10-2026,2026-10-09T13:18:35.113914+07:00,price_check,Public source snapshot
KBS_profile_FPT_20261009_131834_241530,https://kbbuddywts.kbsec.com.vn/iis-server/investment/stockinfo/profile/FPT?l=1,2026-10-09T13:18:35.146017+07:00,profile,Public source snapshot
NSO_FPT_20261009_131834_241530_0,https://www.nso.gov.vn/bai-top/2026/10/bao-cao-tinh-hinh-kinh-te-xa-hoi-quy-iii-va-9-thang-nam-2026/,2026-10-09T13:18:37.675635+07:00,Báo cáo tình hình kinh tế - xã hội quý III và 9 tháng năm 2026,NSO; published 2026-10-03; reference 9/2026; raw NSO_FPT_20261009_131834_241530_0.html
WDI_cpi_annual_FPT_20261009_131834_241530,https://api.worldbank.org/v2/country/VNM/indicator/FP.CPI.TOTL.ZG?format=json&per_page=20,2026-10-09T13:18:38.027790+07:00,cpi_annual,World Bank WDI annual; lastupdated not first release; historical/stale observations labeled
WDI_fx_annual_FPT_20261009_131834_241530,https://api.worldbank.org/v2/country/VNM/indicator/PA.NUS.FCRF?format=json&per_page=20,2026-10-09T13:18:38.054559+07:00,fx_annual,World Bank WDI annual; lastupdated not first release; historical/stale observations labeled
WDI_gdp_annual_FPT_20261009_131834_241530,https://api.worldbank.org/v2/country/VNM/indicator/NY.GDP.MKTP.KD.ZG?format=json&per_page=20,2026-10-09T13:18:37.998266+07:00,gdp_annual,World Bank WDI annual; lastupdated not first release; historical/stale observations labeled
WDI_lending_annual_FPT_20261009_131834_241530,https://api.worldbank.org/v2/country/VNM/indicator/FR.INR.LEND?format=json&per_page=20,2026-10-09T13:18:37.999811+07:00,lending_annual,World Bank WDI annual; lastupdated not first release; historical/stale observations labeled
SECTOR_9537_FPT_20261009_131834_241530,https://iq.vietcap.com.vn/api/iq-insight-service/v2/company/search-bar?language=1,2026-10-09T13:18:36.327423+07:00,Vietcap ICB; level 2; code 9500; Công nghệ Thông tin,Vietcap ICB; downloaded; current classification; ratings/targets/intraday quote fields excluded
PEER_SGT_balance_FPT_20261009_131834_241530,https://kbbuddywts.kbsec.com.vn/iis-server/investment/stock/finance-info/SGT?page=1&pageSize=4&unit=1000&termtype=1&type=CDKT&languageid=1,2026-10-09T13:18:37.581340+07:00,SGT balance,KBS annual peer snapshot; period and scope checked; not independently verified
PEER_SGT_income_FPT_20261009_131834_241530,https://kbbuddywts.kbsec.com.vn/iis-server/investment/stock/finance-info/SGT?page=1&pageSize=4&unit=1000&termtype=1&type=KQKD&languageid=1,2026-10-09T13:18:39.038834+07:00,SGT income,KBS annual peer snapshot; period and scope checked; not independently verified
PEER_SGT_cashflow_FPT_20261009_131834_241530,https://kbbuddywts.kbsec.com.vn/iis-server/investment/stock/finance-info/SGT?page=1&pageSize=4&unit=1000&termtype=1&type=LCTT&termType=1&code=SGT,2026-10-09T13:18:39.096049+07:00,SGT cashflow,KBS annual peer snapshot; period and scope checked; not independently verified
PEER_SAM_balance_FPT_20261009_131834_241530,https://kbbuddywts.kbsec.com.vn/iis-server/investment/stock/finance-info/SAM?page=1&pageSize=4&unit=1000&termtype=1&type=CDKT&languageid=1,2026-10-09T13:18:38.406432+07:00,SAM balance,KBS annual peer snapshot; period and scope checked; not independently verified
PEER_SAM_income_FPT_20261009_131834_241530,https://kbbuddywts.kbsec.com.vn/iis-server/investment/stock/finance-info/SAM?page=1&pageSize=4&unit=1000&termtype=1&type=KQKD&languageid=1,2026-10-09T13:18:39.039832+07:00,SAM income,KBS annual peer snapshot; period and scope checked; not independently verified
PEER_SAM_cashflow_FPT_20261009_131834_241530,https://kbbuddywts.kbsec.com.vn/iis-server/investment/stock/finance-info/SAM?page=1&pageSize=4&unit=1000&termtype=1&type=LCTT&termType=1&code=SAM,2026-10-09T13:18:39.068609+07:00,SAM cashflow,KBS annual peer snapshot; period and scope checked; not independently verified
PEER_ELC_balance_FPT_20261009_131834_241530,https://kbbuddywts.kbsec.com.vn/iis-server/investment/stock/finance-info/ELC?page=1&pageSize=4&unit=1000&termtype=1&type=CDKT&languageid=1,2026-10-09T13:18:37.994247+07:00,ELC balance,KBS annual peer snapshot; period and scope checked; not independently verified
PEER_ELC_income_FPT_20261009_131834_241530,https://kbbuddywts.kbsec.com.vn/iis-server/investment/stock/finance-info/ELC?page=1&pageSize=4&unit=1000&termtype=1&type=KQKD&languageid=1,2026-10-09T13:18:39.038834+07:00,ELC income,KBS annual peer snapshot; period and scope checked; not independently verified
PEER_ELC_cashflow_FPT_20261009_131834_241530,https://kbbuddywts.kbsec.com.vn/iis-server/investment/stock/finance-info/ELC?page=1&pageSize=4&unit=1000&termtype=1&type=LCTT&termType=1&code=ELC,2026-10-09T13:18:39.309764+07:00,ELC cashflow,KBS annual peer snapshot; period and scope checked; not independently verified
PEER_VEC_balance_FPT_20261009_131834_241530,https://kbbuddywts.kbsec.com.vn/iis-server/investment/stock/finance-info/VEC?page=1&pageSize=4&unit=1000&termtype=1&type=CDKT&languageid=1,2026-10-09T13:18:38.776609+07:00,VEC balance,KBS annual peer snapshot; period and scope checked; not independently verified
PEER_VEC_income_FPT_20261009_131834_241530,https://kbbuddywts.kbsec.com.vn/iis-server/investment/stock/finance-info/VEC?page=1&pageSize=4&unit=1000&termtype=1&type=KQKD&languageid=1,2026-10-09T13:18:39.243867+07:00,VEC income,KBS annual peer snapshot; period and scope checked; not independently verified
PEER_VEC_cashflow_FPT_20261009_131834_241530,https://kbbuddywts.kbsec.com.vn/iis-server/investment/stock/finance-info/VEC?page=1&pageSize=4&unit=1000&termtype=1&type=LCTT&termType=1&code=VEC,2026-10-09T13:18:39.339931+07:00,VEC cashflow,KBS annual peer snapshot; period and scope checked; not independently verified
YAHOO_HPG_20261009_132012_968178,https://query1.finance.yahoo.com/v8/finance/chart/HPG.VN?period1=1759942800&period2=1791478800&interval=1d&events=div%2Csplits,2026-10-09T13:20:13.524538+07:00,chart.indicators.quote,Raw snapshot: data/raw/prices/HPG_20261009_132012_968178.json; VND; adjustment basis unverified
HPG_9a2881a88ac8ca4c,data/raw/documents/20260828-hpg-bctc-hop-nhat-soat-xet-6-thang-2026-va-giai-trinh-1-2.pdf,2026-10-09T13:20:13.969364+07:00,whole PDF; metrics not extracted,Báo cáo tài chính hợp nhất soát xét 6 tháng 2026; published_at=2026-08-28; mode=local_cache_checked_sha256; source_url=https://file.hoaphat.com.vn/hoaphat-com-vn/2026/08/20260828-hpg-bctc-hop-nhat-soat-xet-6-thang-2026-va-giai-trinh-1-2.pdf; listing=https://www.hoaphat.com.vn/quan-he-co-dong/bao-cao-tai-chinh
HPG_1f5c4b14f867d268,data/raw/documents/20260730-hpg-bctc-hop-nhat-quy-2-2026-va-giai-trinh.pdf,2026-10-09T13:20:14.005428+07:00,whole PDF; metrics not extracted,Báo cáo tài chính hợp nhất Quý II/2026; published_at=2026-07-30; mode=local_cache_checked_sha256; source_url=https://file.hoaphat.com.vn/hoaphat-com-vn/2026/07/20260730-hpg-bctc-hop-nhat-quy-2-2026-va-giai-trinh.pdf; listing=https://www.hoaphat.com.vn/quan-he-co-dong/bao-cao-tai-chinh
KBS_balance_HPG_20261009_132012_968178,https://kbbuddywts.kbsec.com.vn/iis-server/investment/stock/finance-info/HPG?page=1&pageSize=4&unit=1000&termtype=1&type=CDKT&languageid=1,2026-10-09T13:20:14.814956+07:00,balance,Financial monetary values requested in thousand VND; EPS in VND/share
KBS_cashflow_HPG_20261009_132012_968178,https://kbbuddywts.kbsec.com.vn/iis-server/investment/stock/finance-info/HPG?page=1&pageSize=4&unit=1000&termtype=1&type=LCTT&termType=1&code=HPG,2026-10-09T13:20:14.612206+07:00,cashflow,Financial monetary values requested in thousand VND; EPS in VND/share
KBS_income_HPG_20261009_132012_968178,https://kbbuddywts.kbsec.com.vn/iis-server/investment/stock/finance-info/HPG?page=1&pageSize=4&unit=1000&termtype=1&type=KQKD&languageid=1,2026-10-09T13:20:14.478848+07:00,income,Financial monetary values requested in thousand VND; EPS in VND/share
KBS_news_HPG_20261009_132012_968178,https://kbbuddywts.kbsec.com.vn/iis-server/investment/stockinfo/news/HPG?l=1&p=1&s=12,2026-10-09T13:20:14.318081+07:00,news,Public source snapshot
KBS_price_check_HPG_20261009_132012_968178,https://kbbuddywts.kbsec.com.vn/iis-server/investment/stocks/HPG/data_day?sdate=24-08-2026&edate=08-10-2026,2026-10-09T13:20:14.283202+07:00,price_check,Public source snapshot
KBS_profile_HPG_20261009_132012_968178,https://kbbuddywts.kbsec.com.vn/iis-server/investment/stockinfo/profile/HPG?l=1,2026-10-09T13:20:14.318081+07:00,profile,Public source snapshot
NSO_HPG_20261009_132012_968178_0,https://www.nso.gov.vn/bai-top/2026/10/bao-cao-tinh-hinh-kinh-te-xa-hoi-quy-iii-va-9-thang-nam-2026/,2026-10-09T13:20:17.640010+07:00,Báo cáo tình hình kinh tế - xã hội quý III và 9 tháng năm 2026,NSO; published 2026-10-03; reference 9/2026; raw NSO_HPG_20261009_132012_968178_0.html
WDI_cpi_annual_HPG_20261009_132012_968178,https://api.worldbank.org/v2/country/VNM/indicator/FP.CPI.TOTL.ZG?format=json&per_page=20,2026-10-09T13:20:17.945714+07:00,cpi_annual,World Bank WDI annual; lastupdated not first release; historical/stale observations labeled
WDI_fx_annual_HPG_20261009_132012_968178,https://api.worldbank.org/v2/country/VNM/indicator/PA.NUS.FCRF?format=json&per_page=20,2026-10-09T13:20:17.957508+07:00,fx_annual,World Bank WDI annual; lastupdated not first release; historical/stale observations labeled
WDI_gdp_annual_HPG_20261009_132012_968178,https://api.worldbank.org/v2/country/VNM/indicator/NY.GDP.MKTP.KD.ZG?format=json&per_page=20,2026-10-09T13:20:18.378265+07:00,gdp_annual,World Bank WDI annual; lastupdated not first release; historical/stale observations labeled
WDI_lending_annual_HPG_20261009_132012_968178,https://api.worldbank.org/v2/country/VNM/indicator/FR.INR.LEND?format=json&per_page=20,2026-10-09T13:20:17.898622+07:00,lending_annual,World Bank WDI annual; lastupdated not first release; historical/stale observations labeled
SECTOR_1757_HPG_20261009_132012_968178,https://iq.vietcap.com.vn/api/iq-insight-service/v2/company/search-bar?language=1,2026-10-09T13:18:36.327423+07:00,Vietcap ICB; level 4; code 1757; Thép và sản phẩm thép,Vietcap ICB; cache_under_1h; current classification; ratings/targets/intraday quote fields excluded
PEER_TVN_balance_HPG_20261009_132012_968178,https://kbbuddywts.kbsec.com.vn/iis-server/investment/stock/finance-info/TVN?page=1&pageSize=4&unit=1000&termtype=1&type=CDKT&languageid=1,2026-10-09T13:20:18.831449+07:00,TVN balance,KBS annual peer snapshot; period and scope checked; not independently verified
PEER_TVN_income_HPG_20261009_132012_968178,https://kbbuddywts.kbsec.com.vn/iis-server/investment/stock/finance-info/TVN?page=1&pageSize=4&unit=1000&termtype=1&type=KQKD&languageid=1,2026-10-09T13:20:19.680773+07:00,TVN income,KBS annual peer snapshot; period and scope checked; not independently verified
PEER_TVN_cashflow_HPG_20261009_132012_968178,https://kbbuddywts.kbsec.com.vn/iis-server/investment/stock/finance-info/TVN?page=1&pageSize=4&unit=1000&termtype=1&type=LCTT&termType=1&code=TVN,2026-10-09T13:20:19.683247+07:00,TVN cashflow,KBS annual peer snapshot; period and scope checked; not independently verified
PEER_NKG_balance_HPG_20261009_132012_968178,https://kbbuddywts.kbsec.com.vn/iis-server/investment/stock/finance-info/NKG?page=1&pageSize=4&unit=1000&termtype=1&type=CDKT&languageid=1,2026-10-09T13:20:16.853772+07:00,NKG balance,KBS annual peer snapshot; period and scope checked; not independently verified
PEER_NKG_income_HPG_20261009_132012_968178,https://kbbuddywts.kbsec.com.vn/iis-server/investment/stock/finance-info/NKG?page=1&pageSize=4&unit=1000&termtype=1&type=KQKD&languageid=1,2026-10-09T13:20:19.682242+07:00,NKG income,KBS annual peer snapshot; period and scope checked; not independently verified
PEER_NKG_cashflow_HPG_20261009_132012_968178,https://kbbuddywts.kbsec.com.vn/iis-server/investment/stock/finance-info/NKG?page=1&pageSize=4&unit=1000&termtype=1&type=LCTT&termType=1&code=NKG,2026-10-09T13:20:19.708472+07:00,NKG cashflow,KBS annual peer snapshot; period and scope checked; not independently verified
PEER_GDA_balance_HPG_20261009_132012_968178,https://kbbuddywts.kbsec.com.vn/iis-server/investment/stock/finance-info/GDA?page=1&pageSize=4&unit=1000&termtype=1&type=CDKT&languageid=1,2026-10-09T13:20:15.843811+07:00,GDA balance,KBS annual peer snapshot; period and scope checked; not independently verified
PEER_GDA_income_HPG_20261009_132012_968178,https://kbbuddywts.kbsec.com.vn/iis-server/investment/stock/finance-info/GDA?page=1&pageSize=4&unit=1000&termtype=1&type=KQKD&languageid=1,2026-10-09T13:20:19.672891+07:00,GDA income,KBS annual peer snapshot; period and scope checked; not independently verified
PEER_GDA_cashflow_HPG_20261009_132012_968178,https://kbbuddywts.kbsec.com.vn/iis-server/investment/stock/finance-info/GDA?page=1&pageSize=4&unit=1000&termtype=1&type=LCTT&termType=1&code=GDA,2026-10-09T13:20:19.933824+07:00,GDA cashflow,KBS annual peer snapshot; period and scope checked; not independently verified
PEER_SHI_balance_HPG_20261009_132012_968178,https://kbbuddywts.kbsec.com.vn/iis-server/investment/stock/finance-info/SHI?page=1&pageSize=4&unit=1000&termtype=1&type=CDKT&languageid=1,2026-10-09T13:20:17.420116+07:00,SHI balance,KBS annual peer snapshot; period and scope checked; not independently verified
PEER_SHI_income_HPG_20261009_132012_968178,https://kbbuddywts.kbsec.com.vn/iis-server/investment/stock/finance-info/SHI?page=1&pageSize=4&unit=1000&termtype=1&type=KQKD&languageid=1,2026-10-09T13:20:19.931138+07:00,SHI income,KBS annual peer snapshot; period and scope checked; not independently verified
PEER_SHI_cashflow_HPG_20261009_132012_968178,https://kbbuddywts.kbsec.com.vn/iis-server/investment/stock/finance-info/SHI?page=1&pageSize=4&unit=1000&termtype=1&type=LCTT&termType=1&code=SHI,2026-10-09T13:20:20.031576+07:00,SHI cashflow,KBS annual peer snapshot; period and scope checked; not independently verified
YAHOO_HPG_20261009_132022_348161,https://query1.finance.yahoo.com/v8/finance/chart/HPG.VN?period1=1759942800&period2=1791478800&interval=1d&events=div%2Csplits,2026-10-09T13:20:22.716624+07:00,chart.indicators.quote,Raw snapshot: data/raw/prices/HPG_20261009_132022_348161.json; VND; adjustment basis unverified
HPG_9a2881a88ac8ca4c,data/raw/documents/20260828-hpg-bctc-hop-nhat-soat-xet-6-thang-2026-va-giai-trinh-1-2.pdf,2026-10-09T13:20:23.000640+07:00,whole PDF; metrics not extracted,Báo cáo tài chính hợp nhất soát xét 6 tháng 2026; published_at=2026-08-28; mode=local_cache_checked_sha256; source_url=https://file.hoaphat.com.vn/hoaphat-com-vn/2026/08/20260828-hpg-bctc-hop-nhat-soat-xet-6-thang-2026-va-giai-trinh-1-2.pdf; listing=https://www.hoaphat.com.vn/quan-he-co-dong/bao-cao-tai-chinh
HPG_1f5c4b14f867d268,data/raw/documents/20260730-hpg-bctc-hop-nhat-quy-2-2026-va-giai-trinh.pdf,2026-10-09T13:20:23.035878+07:00,whole PDF; metrics not extracted,Báo cáo tài chính hợp nhất Quý II/2026; published_at=2026-07-30; mode=local_cache_checked_sha256; source_url=https://file.hoaphat.com.vn/hoaphat-com-vn/2026/07/20260730-hpg-bctc-hop-nhat-quy-2-2026-va-giai-trinh.pdf; listing=https://www.hoaphat.com.vn/quan-he-co-dong/bao-cao-tai-chinh
KBS_balance_HPG_20261009_132022_348161,https://kbbuddywts.kbsec.com.vn/iis-server/investment/stock/finance-info/HPG?page=1&pageSize=4&unit=1000&termtype=1&type=CDKT&languageid=1,2026-10-09T13:20:23.775016+07:00,balance,Financial monetary values requested in thousand VND; EPS in VND/share
KBS_cashflow_HPG_20261009_132022_348161,https://kbbuddywts.kbsec.com.vn/iis-server/investment/stock/finance-info/HPG?page=1&pageSize=4&unit=1000&termtype=1&type=LCTT&termType=1&code=HPG,2026-10-09T13:20:23.694687+07:00,cashflow,Financial monetary values requested in thousand VND; EPS in VND/share
KBS_income_HPG_20261009_132022_348161,https://kbbuddywts.kbsec.com.vn/iis-server/investment/stock/finance-info/HPG?page=1&pageSize=4&unit=1000&termtype=1&type=KQKD&languageid=1,2026-10-09T13:20:23.561060+07:00,income,Financial monetary values requested in thousand VND; EPS in VND/share
KBS_news_HPG_20261009_132022_348161,https://kbbuddywts.kbsec.com.vn/iis-server/investment/stockinfo/news/HPG?l=1&p=1&s=12,2026-10-09T13:20:23.271478+07:00,news,Public source snapshot
KBS_price_check_HPG_20261009_132022_348161,https://kbbuddywts.kbsec.com.vn/iis-server/investment/stocks/HPG/data_day?sdate=24-08-2026&edate=08-10-2026,2026-10-09T13:20:23.285941+07:00,price_check,Public source snapshot
KBS_profile_HPG_20261009_132022_348161,https://kbbuddywts.kbsec.com.vn/iis-server/investment/stockinfo/profile/HPG?l=1,2026-10-09T13:20:23.324834+07:00,profile,Public source snapshot
NSO_HPG_20261009_132022_348161_0,https://www.nso.gov.vn/bai-top/2026/10/bao-cao-tinh-hinh-kinh-te-xa-hoi-quy-iii-va-9-thang-nam-2026/,2026-10-09T13:20:26.271552+07:00,Báo cáo tình hình kinh tế - xã hội quý III và 9 tháng năm 2026,NSO; published 2026-10-03; reference 9/2026; raw NSO_HPG_20261009_132022_348161_0.html
WDI_cpi_annual_HPG_20261009_132022_348161,https://api.worldbank.org/v2/country/VNM/indicator/FP.CPI.TOTL.ZG?format=json&per_page=20,2026-10-09T13:20:26.734579+07:00,cpi_annual,World Bank WDI annual; lastupdated not first release; historical/stale observations labeled
WDI_fx_annual_HPG_20261009_132022_348161,https://api.worldbank.org/v2/country/VNM/indicator/PA.NUS.FCRF?format=json&per_page=20,2026-10-09T13:20:26.959069+07:00,fx_annual,World Bank WDI annual; lastupdated not first release; historical/stale observations labeled
WDI_gdp_annual_HPG_20261009_132022_348161,https://api.worldbank.org/v2/country/VNM/indicator/NY.GDP.MKTP.KD.ZG?format=json&per_page=20,2026-10-09T13:20:26.734579+07:00,gdp_annual,World Bank WDI annual; lastupdated not first release; historical/stale observations labeled
WDI_lending_annual_HPG_20261009_132022_348161,https://api.worldbank.org/v2/country/VNM/indicator/FR.INR.LEND?format=json&per_page=20,2026-10-09T13:20:26.734579+07:00,lending_annual,World Bank WDI annual; lastupdated not first release; historical/stale observations labeled
SECTOR_1757_HPG_20261009_132022_348161,https://iq.vietcap.com.vn/api/iq-insight-service/v2/company/search-bar?language=1,2026-10-09T13:18:36.327423+07:00,Vietcap ICB; level 4; code 1757; Thép và sản phẩm thép,Vietcap ICB; cache_under_1h; current classification; ratings/targets/intraday quote fields excluded
PEER_TVN_balance_HPG_20261009_132022_348161,https://kbbuddywts.kbsec.com.vn/iis-server/investment/stock/finance-info/TVN?page=1&pageSize=4&unit=1000&termtype=1&type=CDKT&languageid=1,2026-10-09T13:20:30.663335+07:00,TVN balance,KBS annual peer snapshot; period and scope checked; not independently verified
PEER_TVN_income_HPG_20261009_132022_348161,https://kbbuddywts.kbsec.com.vn/iis-server/investment/stock/finance-info/TVN?page=1&pageSize=4&unit=1000&termtype=1&type=KQKD&languageid=1,2026-10-09T13:20:30.864973+07:00,TVN income,KBS annual peer snapshot; period and scope checked; not independently verified
PEER_TVN_cashflow_HPG_20261009_132022_348161,https://kbbuddywts.kbsec.com.vn/iis-server/investment/stock/finance-info/TVN?page=1&pageSize=4&unit=1000&termtype=1&type=LCTT&termType=1&code=TVN,2026-10-09T13:20:30.941709+07:00,TVN cashflow,KBS annual peer snapshot; period and scope checked; not independently verified
PEER_NKG_balance_HPG_20261009_132022_348161,https://kbbuddywts.kbsec.com.vn/iis-server/investment/stock/finance-info/NKG?page=1&pageSize=4&unit=1000&termtype=1&type=CDKT&languageid=1,2026-10-09T13:20:26.953122+07:00,NKG balance,KBS annual peer snapshot; period and scope checked; not independently verified
PEER_NKG_income_HPG_20261009_132022_348161,https://kbbuddywts.kbsec.com.vn/iis-server/investment/stock/finance-info/NKG?page=1&pageSize=4&unit=1000&termtype=1&type=KQKD&languageid=1,2026-10-09T13:20:30.940699+07:00,NKG income,KBS annual peer snapshot; period and scope checked; not independently verified
PEER_NKG_cashflow_HPG_20261009_132022_348161,https://kbbuddywts.kbsec.com.vn/iis-server/investment/stock/finance-info/NKG?page=1&pageSize=4&unit=1000&termtype=1&type=LCTT&termType=1&code=NKG,2026-10-09T13:20:30.941709+07:00,NKG cashflow,KBS annual peer snapshot; period and scope checked; not independently verified
PEER_GDA_balance_HPG_20261009_132022_348161,https://kbbuddywts.kbsec.com.vn/iis-server/investment/stock/finance-info/GDA?page=1&pageSize=4&unit=1000&termtype=1&type=CDKT&languageid=1,2026-10-09T13:20:24.838380+07:00,GDA balance,KBS annual peer snapshot; period and scope checked; not independently verified
PEER_GDA_income_HPG_20261009_132022_348161,https://kbbuddywts.kbsec.com.vn/iis-server/investment/stock/finance-info/GDA?page=1&pageSize=4&unit=1000&termtype=1&type=KQKD&languageid=1,2026-10-09T13:20:30.863347+07:00,GDA income,KBS annual peer snapshot; period and scope checked; not independently verified
PEER_GDA_cashflow_HPG_20261009_132022_348161,https://kbbuddywts.kbsec.com.vn/iis-server/investment/stock/finance-info/GDA?page=1&pageSize=4&unit=1000&termtype=1&type=LCTT&termType=1&code=GDA,2026-10-09T13:20:31.178634+07:00,GDA cashflow,KBS annual peer snapshot; period and scope checked; not independently verified
PEER_SHI_balance_HPG_20261009_132022_348161,https://kbbuddywts.kbsec.com.vn/iis-server/investment/stock/finance-info/SHI?page=1&pageSize=4&unit=1000&termtype=1&type=CDKT&languageid=1,2026-10-09T13:20:26.970774+07:00,SHI balance,KBS annual peer snapshot; period and scope checked; not independently verified
PEER_SHI_income_HPG_20261009_132022_348161,https://kbbuddywts.kbsec.com.vn/iis-server/investment/stock/finance-info/SHI?page=1&pageSize=4&unit=1000&termtype=1&type=KQKD&languageid=1,2026-10-09T13:20:31.180315+07:00,SHI income,KBS annual peer snapshot; period and scope checked; not independently verified
PEER_SHI_cashflow_HPG_20261009_132022_348161,https://kbbuddywts.kbsec.com.vn/iis-server/investment/stock/finance-info/SHI?page=1&pageSize=4&unit=1000&termtype=1&type=LCTT&termType=1&code=SHI,2026-10-09T13:20:31.282628+07:00,SHI cashflow,KBS annual peer snapshot; period and scope checked; not independently verified
YAHOO_HPG_20261009_132459_609926,https://query1.finance.yahoo.com/v8/finance/chart/HPG.VN?period1=1759942800&period2=1791478800&interval=1d&events=div%2Csplits,2026-10-09T13:25:00.199698+07:00,chart.indicators.quote,Raw snapshot: data/raw/prices/HPG_20261009_132459_609926.json; VND; adjustment basis unverified
HPG_9a2881a88ac8ca4c,data/raw/documents/20260828-hpg-bctc-hop-nhat-soat-xet-6-thang-2026-va-giai-trinh-1-2.pdf,2026-10-09T13:25:00.581386+07:00,whole PDF; metrics not extracted,Báo cáo tài chính hợp nhất soát xét 6 tháng 2026; published_at=2026-08-28; mode=local_cache_checked_sha256; source_url=https://file.hoaphat.com.vn/hoaphat-com-vn/2026/08/20260828-hpg-bctc-hop-nhat-soat-xet-6-thang-2026-va-giai-trinh-1-2.pdf; listing=https://www.hoaphat.com.vn/quan-he-co-dong/bao-cao-tai-chinh
HPG_1f5c4b14f867d268,data/raw/documents/20260730-hpg-bctc-hop-nhat-quy-2-2026-va-giai-trinh.pdf,2026-10-09T13:25:00.637310+07:00,whole PDF; metrics not extracted,Báo cáo tài chính hợp nhất Quý II/2026; published_at=2026-07-30; mode=local_cache_checked_sha256; source_url=https://file.hoaphat.com.vn/hoaphat-com-vn/2026/07/20260730-hpg-bctc-hop-nhat-quy-2-2026-va-giai-trinh.pdf; listing=https://www.hoaphat.com.vn/quan-he-co-dong/bao-cao-tai-chinh
KBS_balance_HPG_20261009_132459_609926,https://kbbuddywts.kbsec.com.vn/iis-server/investment/stock/finance-info/HPG?page=1&pageSize=4&unit=1000&termtype=1&type=CDKT&languageid=1,2026-10-09T13:25:01.408705+07:00,balance,Financial monetary values requested in thousand VND; EPS in VND/share
KBS_cashflow_HPG_20261009_132459_609926,https://kbbuddywts.kbsec.com.vn/iis-server/investment/stock/finance-info/HPG?page=1&pageSize=4&unit=1000&termtype=1&type=LCTT&termType=1&code=HPG,2026-10-09T13:25:01.356259+07:00,cashflow,Financial monetary values requested in thousand VND; EPS in VND/share
KBS_income_HPG_20261009_132459_609926,https://kbbuddywts.kbsec.com.vn/iis-server/investment/stock/finance-info/HPG?page=1&pageSize=4&unit=1000&termtype=1&type=KQKD&languageid=1,2026-10-09T13:25:01.277571+07:00,income,Financial monetary values requested in thousand VND; EPS in VND/share
KBS_news_HPG_20261009_132459_609926,https://kbbuddywts.kbsec.com.vn/iis-server/investment/stockinfo/news/HPG?l=1&p=1&s=12,2026-10-09T13:25:00.934619+07:00,news,Public source snapshot
KBS_price_check_HPG_20261009_132459_609926,https://kbbuddywts.kbsec.com.vn/iis-server/investment/stocks/HPG/data_day?sdate=24-08-2026&edate=08-10-2026,2026-10-09T13:25:00.933619+07:00,price_check,Public source snapshot
KBS_profile_HPG_20261009_132459_609926,https://kbbuddywts.kbsec.com.vn/iis-server/investment/stockinfo/profile/HPG?l=1,2026-10-09T13:25:00.996618+07:00,profile,Public source snapshot
NSO_HPG_20261009_132459_609926_0,https://www.nso.gov.vn/bai-top/2026/10/bao-cao-tinh-hinh-kinh-te-xa-hoi-quy-iii-va-9-thang-nam-2026/,2026-10-09T13:25:04.157470+07:00,Báo cáo tình hình kinh tế - xã hội quý III và 9 tháng năm 2026,NSO; published 2026-10-03; reference 9/2026; raw NSO_HPG_20261009_132459_609926_0.html
WDI_cpi_annual_HPG_20261009_132459_609926,https://api.worldbank.org/v2/country/VNM/indicator/FP.CPI.TOTL.ZG?format=json&per_page=20,2026-10-09T13:25:04.501931+07:00,cpi_annual,World Bank WDI annual; lastupdated not first release; historical/stale observations labeled
WDI_fx_annual_HPG_20261009_132459_609926,https://api.worldbank.org/v2/country/VNM/indicator/PA.NUS.FCRF?format=json&per_page=20,2026-10-09T13:25:04.504209+07:00,fx_annual,World Bank WDI annual; lastupdated not first release; historical/stale observations labeled
WDI_gdp_annual_HPG_20261009_132459_609926,https://api.worldbank.org/v2/country/VNM/indicator/NY.GDP.MKTP.KD.ZG?format=json&per_page=20,2026-10-09T13:25:04.648538+07:00,gdp_annual,World Bank WDI annual; lastupdated not first release; historical/stale observations labeled
WDI_lending_annual_HPG_20261009_132459_609926,https://api.worldbank.org/v2/country/VNM/indicator/FR.INR.LEND?format=json&per_page=20,2026-10-09T13:25:04.507220+07:00,lending_annual,World Bank WDI annual; lastupdated not first release; historical/stale observations labeled
SECTOR_1757_HPG_20261009_132459_609926,https://iq.vietcap.com.vn/api/iq-insight-service/v2/company/search-bar?language=1,2026-10-09T13:18:36.327423+07:00,Vietcap ICB; level 4; code 1757; Thép và sản phẩm thép,Vietcap ICB; cache_under_1h; current classification; ratings/targets/intraday quote fields excluded
PEER_TVN_balance_HPG_20261009_132459_609926,https://kbbuddywts.kbsec.com.vn/iis-server/investment/stock/finance-info/TVN?page=1&pageSize=4&unit=1000&termtype=1&type=CDKT&languageid=1,2026-10-09T13:25:05.856327+07:00,TVN balance,KBS annual peer snapshot; period and scope checked; not independently verified
PEER_TVN_income_HPG_20261009_132459_609926,https://kbbuddywts.kbsec.com.vn/iis-server/investment/stock/finance-info/TVN?page=1&pageSize=4&unit=1000&termtype=1&type=KQKD&languageid=1,2026-10-09T13:25:06.645892+07:00,TVN income,KBS annual peer snapshot; period and scope checked; not independently verified
PEER_TVN_cashflow_HPG_20261009_132459_609926,https://kbbuddywts.kbsec.com.vn/iis-server/investment/stock/finance-info/TVN?page=1&pageSize=4&unit=1000&termtype=1&type=LCTT&termType=1&code=TVN,2026-10-09T13:25:06.708594+07:00,TVN cashflow,KBS annual peer snapshot; period and scope checked; not independently verified
PEER_NKG_balance_HPG_20261009_132459_609926,https://kbbuddywts.kbsec.com.vn/iis-server/investment/stock/finance-info/NKG?page=1&pageSize=4&unit=1000&termtype=1&type=CDKT&languageid=1,2026-10-09T13:25:03.731323+07:00,NKG balance,KBS annual peer snapshot; period and scope checked; not independently verified
PEER_NKG_cashflow_HPG_20261009_132459_609926,https://kbbuddywts.kbsec.com.vn/iis-server/investment/stock/finance-info/NKG?page=1&pageSize=4&unit=1000&termtype=1&type=LCTT&termType=1&code=NKG,2026-10-09T13:25:06.708594+07:00,NKG cashflow,KBS annual peer snapshot; period and scope checked; not independently verified
PEER_NKG_income_HPG_20261009_132459_609926,https://kbbuddywts.kbsec.com.vn/iis-server/investment/stock/finance-info/NKG?page=1&pageSize=4&unit=1000&termtype=1&type=KQKD&languageid=1,2026-10-09T13:25:07.107501+07:00,NKG income,KBS annual peer snapshot; period and scope checked; not independently verified
PEER_GDA_balance_HPG_20261009_132459_609926,https://kbbuddywts.kbsec.com.vn/iis-server/investment/stock/finance-info/GDA?page=1&pageSize=4&unit=1000&termtype=1&type=CDKT&languageid=1,2026-10-09T13:25:02.486809+07:00,GDA balance,KBS annual peer snapshot; period and scope checked; not independently verified
PEER_GDA_income_HPG_20261009_132459_609926,https://kbbuddywts.kbsec.com.vn/iis-server/investment/stock/finance-info/GDA?page=1&pageSize=4&unit=1000&termtype=1&type=KQKD&languageid=1,2026-10-09T13:25:06.645892+07:00,GDA income,KBS annual peer snapshot; period and scope checked; not independently verified
PEER_GDA_cashflow_HPG_20261009_132459_609926,https://kbbuddywts.kbsec.com.vn/iis-server/investment/stock/finance-info/GDA?page=1&pageSize=4&unit=1000&termtype=1&type=LCTT&termType=1&code=GDA,2026-10-09T13:25:06.958875+07:00,GDA cashflow,KBS annual peer snapshot; period and scope checked; not independently verified
PEER_SHI_balance_HPG_20261009_132459_609926,https://kbbuddywts.kbsec.com.vn/iis-server/investment/stock/finance-info/SHI?page=1&pageSize=4&unit=1000&termtype=1&type=CDKT&languageid=1,2026-10-09T13:25:04.102895+07:00,SHI balance,KBS annual peer snapshot; period and scope checked; not independently verified
PEER_SHI_income_HPG_20261009_132459_609926,https://kbbuddywts.kbsec.com.vn/iis-server/investment/stock/finance-info/SHI?page=1&pageSize=4&unit=1000&termtype=1&type=KQKD&languageid=1,2026-10-09T13:25:06.922595+07:00,SHI income,KBS annual peer snapshot; period and scope checked; not independently verified
PEER_SHI_cashflow_HPG_20261009_132459_609926,https://kbbuddywts.kbsec.com.vn/iis-server/investment/stock/finance-info/SHI?page=1&pageSize=4&unit=1000&termtype=1&type=LCTT&termType=1&code=SHI,2026-10-09T13:25:07.005290+07:00,SHI cashflow,KBS annual peer snapshot; period and scope checked; not independently verified
YAHOO_FPT_20261009_132509_579539,https://query1.finance.yahoo.com/v8/finance/chart/FPT.VN?period1=1759942800&period2=1791478800&interval=1d&events=div%2Csplits,2026-10-09T13:25:09.944105+07:00,chart.indicators.quote,Raw snapshot: data/raw/prices/FPT_20261009_132509_579539.json; VND; adjustment basis unverified
KBS_balance_FPT_20261009_132509_579539,https://kbbuddywts.kbsec.com.vn/iis-server/investment/stock/finance-info/FPT?page=1&pageSize=4&unit=1000&termtype=1&type=CDKT&languageid=1,2026-10-09T13:25:10.648773+07:00,balance,Financial monetary values requested in thousand VND; EPS in VND/share
KBS_cashflow_FPT_20261009_132509_579539,https://kbbuddywts.kbsec.com.vn/iis-server/investment/stock/finance-info/FPT?page=1&pageSize=4&unit=1000&termtype=1&type=LCTT&termType=1&code=FPT,2026-10-09T13:25:10.644701+07:00,cashflow,Financial monetary values requested in thousand VND; EPS in VND/share
KBS_income_FPT_20261009_132509_579539,https://kbbuddywts.kbsec.com.vn/iis-server/investment/stock/finance-info/FPT?page=1&pageSize=4&unit=1000&termtype=1&type=KQKD&languageid=1,2026-10-09T13:25:10.496439+07:00,income,Financial monetary values requested in thousand VND; EPS in VND/share
KBS_news_FPT_20261009_132509_579539,https://kbbuddywts.kbsec.com.vn/iis-server/investment/stockinfo/news/FPT?l=1&p=1&s=12,2026-10-09T13:25:10.208039+07:00,news,Public source snapshot
KBS_price_check_FPT_20261009_132509_579539,https://kbbuddywts.kbsec.com.vn/iis-server/investment/stocks/FPT/data_day?sdate=24-08-2026&edate=08-10-2026,2026-10-09T13:25:10.208039+07:00,price_check,Public source snapshot
KBS_profile_FPT_20261009_132509_579539,https://kbbuddywts.kbsec.com.vn/iis-server/investment/stockinfo/profile/FPT?l=1,2026-10-09T13:25:10.288714+07:00,profile,Public source snapshot
NSO_FPT_20261009_132509_579539_0,https://www.nso.gov.vn/bai-top/2026/10/bao-cao-tinh-hinh-kinh-te-xa-hoi-quy-iii-va-9-thang-nam-2026/,2026-10-09T13:25:13.147592+07:00,Báo cáo tình hình kinh tế - xã hội quý III và 9 tháng năm 2026,NSO; published 2026-10-03; reference 9/2026; raw NSO_FPT_20261009_132509_579539_0.html
WDI_cpi_annual_FPT_20261009_132509_579539,https://api.worldbank.org/v2/country/VNM/indicator/FP.CPI.TOTL.ZG?format=json&per_page=20,2026-10-09T13:25:13.979691+07:00,cpi_annual,World Bank WDI annual; lastupdated not first release; historical/stale observations labeled
WDI_fx_annual_FPT_20261009_132509_579539,https://api.worldbank.org/v2/country/VNM/indicator/PA.NUS.FCRF?format=json&per_page=20,2026-10-09T13:25:13.506255+07:00,fx_annual,World Bank WDI annual; lastupdated not first release; historical/stale observations labeled
WDI_gdp_annual_FPT_20261009_132509_579539,https://api.worldbank.org/v2/country/VNM/indicator/NY.GDP.MKTP.KD.ZG?format=json&per_page=20,2026-10-09T13:25:14.987670+07:00,gdp_annual,World Bank WDI annual; lastupdated not first release; historical/stale observations labeled
WDI_lending_annual_FPT_20261009_132509_579539,https://api.worldbank.org/v2/country/VNM/indicator/FR.INR.LEND?format=json&per_page=20,2026-10-09T13:25:14.136266+07:00,lending_annual,World Bank WDI annual; lastupdated not first release; historical/stale observations labeled
SECTOR_9537_FPT_20261009_132509_579539,https://iq.vietcap.com.vn/api/iq-insight-service/v2/company/search-bar?language=1,2026-10-09T13:18:36.327423+07:00,Vietcap ICB; level 2; code 9500; Công nghệ Thông tin,Vietcap ICB; cache_under_1h; current classification; ratings/targets/intraday quote fields excluded
PEER_SGT_balance_FPT_20261009_132509_579539,https://kbbuddywts.kbsec.com.vn/iis-server/investment/stock/finance-info/SGT?page=1&pageSize=4&unit=1000&termtype=1&type=CDKT&languageid=1,2026-10-09T13:25:12.200520+07:00,SGT balance,KBS annual peer snapshot; period and scope checked; not independently verified
PEER_SGT_income_FPT_20261009_132509_579539,https://kbbuddywts.kbsec.com.vn/iis-server/investment/stock/finance-info/SGT?page=1&pageSize=4&unit=1000&termtype=1&type=KQKD&languageid=1,2026-10-09T13:25:14.336616+07:00,SGT income,KBS annual peer snapshot; period and scope checked; not independently verified
PEER_SGT_cashflow_FPT_20261009_132509_579539,https://kbbuddywts.kbsec.com.vn/iis-server/investment/stock/finance-info/SGT?page=1&pageSize=4&unit=1000&termtype=1&type=LCTT&termType=1&code=SGT,2026-10-09T13:25:14.447768+07:00,SGT cashflow,KBS annual peer snapshot; period and scope checked; not independently verified
PEER_SAM_balance_FPT_20261009_132509_579539,https://kbbuddywts.kbsec.com.vn/iis-server/investment/stock/finance-info/SAM?page=1&pageSize=4&unit=1000&termtype=1&type=CDKT&languageid=1,2026-10-09T13:25:13.368987+07:00,SAM balance,KBS annual peer snapshot; period and scope checked; not independently verified
PEER_SAM_income_FPT_20261009_132509_579539,https://kbbuddywts.kbsec.com.vn/iis-server/investment/stock/finance-info/SAM?page=1&pageSize=4&unit=1000&termtype=1&type=KQKD&languageid=1,2026-10-09T13:25:14.336616+07:00,SAM income,KBS annual peer snapshot; period and scope checked; not independently verified
PEER_SAM_cashflow_FPT_20261009_132509_579539,https://kbbuddywts.kbsec.com.vn/iis-server/investment/stock/finance-info/SAM?page=1&pageSize=4&unit=1000&termtype=1&type=LCTT&termType=1&code=SAM,2026-10-09T13:25:14.447768+07:00,SAM cashflow,KBS annual peer snapshot; period and scope checked; not independently verified
PEER_ELC_balance_FPT_20261009_132509_579539,https://kbbuddywts.kbsec.com.vn/iis-server/investment/stock/finance-info/ELC?page=1&pageSize=4&unit=1000&termtype=1&type=CDKT&languageid=1,2026-10-09T13:25:12.766318+07:00,ELC balance,KBS annual peer snapshot; period and scope checked; not independently verified
PEER_ELC_income_FPT_20261009_132509_579539,https://kbbuddywts.kbsec.com.vn/iis-server/investment/stock/finance-info/ELC?page=1&pageSize=4&unit=1000&termtype=1&type=KQKD&languageid=1,2026-10-09T13:25:14.427549+07:00,ELC income,KBS annual peer snapshot; period and scope checked; not independently verified
PEER_ELC_cashflow_FPT_20261009_132509_579539,https://kbbuddywts.kbsec.com.vn/iis-server/investment/stock/finance-info/ELC?page=1&pageSize=4&unit=1000&termtype=1&type=LCTT&termType=1&code=ELC,2026-10-09T13:25:14.730441+07:00,ELC cashflow,KBS annual peer snapshot; period and scope checked; not independently verified
PEER_VEC_balance_FPT_20261009_132509_579539,https://kbbuddywts.kbsec.com.vn/iis-server/investment/stock/finance-info/VEC?page=1&pageSize=4&unit=1000&termtype=1&type=CDKT&languageid=1,2026-10-09T13:25:13.966732+07:00,VEC balance,KBS annual peer snapshot; period and scope checked; not independently verified
PEER_VEC_income_FPT_20261009_132509_579539,https://kbbuddywts.kbsec.com.vn/iis-server/investment/stock/finance-info/VEC?page=1&pageSize=4&unit=1000&termtype=1&type=KQKD&languageid=1,2026-10-09T13:25:14.668835+07:00,VEC income,KBS annual peer snapshot; period and scope checked; not independently verified
PEER_VEC_cashflow_FPT_20261009_132509_579539,https://kbbuddywts.kbsec.com.vn/iis-server/investment/stock/finance-info/VEC?page=1&pageSize=4&unit=1000&termtype=1&type=LCTT&termType=1&code=VEC,2026-10-09T13:25:14.737944+07:00,VEC cashflow,KBS annual peer snapshot; period and scope checked; not independently verified
YAHOO_VNM_20261009_132515_894923,https://query1.finance.yahoo.com/v8/finance/chart/VNM.VN?period1=1759942800&period2=1791478800&interval=1d&events=div%2Csplits,2026-10-09T13:25:16.269944+07:00,chart.indicators.quote,Raw snapshot: data/raw/prices/VNM_20261009_132515_894923.json; VND; adjustment basis unverified
KBS_balance_VNM_20261009_132515_894923,https://kbbuddywts.kbsec.com.vn/iis-server/investment/stock/finance-info/VNM?page=1&pageSize=4&unit=1000&termtype=1&type=CDKT&languageid=1,2026-10-09T13:25:16.972161+07:00,balance,Financial monetary values requested in thousand VND; EPS in VND/share
KBS_cashflow_VNM_20261009_132515_894923,https://kbbuddywts.kbsec.com.vn/iis-server/investment/stock/finance-info/VNM?page=1&pageSize=4&unit=1000&termtype=1&type=LCTT&termType=1&code=VNM,2026-10-09T13:25:16.846241+07:00,cashflow,Financial monetary values requested in thousand VND; EPS in VND/share
KBS_income_VNM_20261009_132515_894923,https://kbbuddywts.kbsec.com.vn/iis-server/investment/stock/finance-info/VNM?page=1&pageSize=4&unit=1000&termtype=1&type=KQKD&languageid=1,2026-10-09T13:25:16.769853+07:00,income,Financial monetary values requested in thousand VND; EPS in VND/share
KBS_news_VNM_20261009_132515_894923,https://kbbuddywts.kbsec.com.vn/iis-server/investment/stockinfo/news/VNM?l=1&p=1&s=12,2026-10-09T13:25:16.492637+07:00,news,Public source snapshot
KBS_price_check_VNM_20261009_132515_894923,https://kbbuddywts.kbsec.com.vn/iis-server/investment/stocks/VNM/data_day?sdate=24-08-2026&edate=08-10-2026,2026-10-09T13:25:16.482733+07:00,price_check,Public source snapshot
KBS_profile_VNM_20261009_132515_894923,https://kbbuddywts.kbsec.com.vn/iis-server/investment/stockinfo/profile/VNM?l=1,2026-10-09T13:25:16.541446+07:00,profile,Public source snapshot
NSO_VNM_20261009_132515_894923_0,https://www.nso.gov.vn/bai-top/2026/10/bao-cao-tinh-hinh-kinh-te-xa-hoi-quy-iii-va-9-thang-nam-2026/,2026-10-09T13:25:20.517668+07:00,Báo cáo tình hình kinh tế - xã hội quý III và 9 tháng năm 2026,NSO; published 2026-10-03; reference 9/2026; raw NSO_VNM_20261009_132515_894923_0.html
WDI_cpi_annual_VNM_20261009_132515_894923,https://api.worldbank.org/v2/country/VNM/indicator/FP.CPI.TOTL.ZG?format=json&per_page=20,2026-10-09T13:25:20.869782+07:00,cpi_annual,World Bank WDI annual; lastupdated not first release; historical/stale observations labeled
WDI_fx_annual_VNM_20261009_132515_894923,https://api.worldbank.org/v2/country/VNM/indicator/PA.NUS.FCRF?format=json&per_page=20,2026-10-09T13:25:21.864033+07:00,fx_annual,World Bank WDI annual; lastupdated not first release; historical/stale observations labeled
WDI_gdp_annual_VNM_20261009_132515_894923,https://api.worldbank.org/v2/country/VNM/indicator/NY.GDP.MKTP.KD.ZG?format=json&per_page=20,2026-10-09T13:25:22.540726+07:00,gdp_annual,World Bank WDI annual; lastupdated not first release; historical/stale observations labeled
WDI_lending_annual_VNM_20261009_132515_894923,https://api.worldbank.org/v2/country/VNM/indicator/FR.INR.LEND?format=json&per_page=20,2026-10-09T13:25:20.906204+07:00,lending_annual,World Bank WDI annual; lastupdated not first release; historical/stale observations labeled
SECTOR_3577_VNM_20261009_132515_894923,https://iq.vietcap.com.vn/api/iq-insight-service/v2/company/search-bar?language=1,2026-10-09T13:18:36.327423+07:00,Vietcap ICB; level 4; code 3577; Thực phẩm,Vietcap ICB; cache_under_1h; current classification; ratings/targets/intraday quote fields excluded
PEER_MCH_balance_VNM_20261009_132515_894923,https://kbbuddywts.kbsec.com.vn/iis-server/investment/stock/finance-info/MCH?page=1&pageSize=4&unit=1000&termtype=1&type=CDKT&languageid=1,2026-10-09T13:25:21.147474+07:00,MCH balance,KBS annual peer snapshot; period and scope checked; not independently verified
PEER_MCH_income_VNM_20261009_132515_894923,https://kbbuddywts.kbsec.com.vn/iis-server/investment/stock/finance-info/MCH?page=1&pageSize=4&unit=1000&termtype=1&type=KQKD&languageid=1,2026-10-09T13:25:24.120229+07:00,MCH income,KBS annual peer snapshot; period and scope checked; not independently verified
PEER_MCH_cashflow_VNM_20261009_132515_894923,https://kbbuddywts.kbsec.com.vn/iis-server/investment/stock/finance-info/MCH?page=1&pageSize=4&unit=1000&termtype=1&type=LCTT&termType=1&code=MCH,2026-10-09T13:25:24.209591+07:00,MCH cashflow,KBS annual peer snapshot; period and scope checked; not independently verified
PEER_PAN_balance_VNM_20261009_132515_894923,https://kbbuddywts.kbsec.com.vn/iis-server/investment/stock/finance-info/PAN?page=1&pageSize=4&unit=1000&termtype=1&type=CDKT&languageid=1,2026-10-09T13:25:22.208706+07:00,PAN balance,KBS annual peer snapshot; period and scope checked; not independently verified
PEER_PAN_income_VNM_20261009_132515_894923,https://kbbuddywts.kbsec.com.vn/iis-server/investment/stock/finance-info/PAN?page=1&pageSize=4&unit=1000&termtype=1&type=KQKD&languageid=1,2026-10-09T13:25:24.167391+07:00,PAN income,KBS annual peer snapshot; period and scope checked; not independently verified
PEER_PAN_cashflow_VNM_20261009_132515_894923,https://kbbuddywts.kbsec.com.vn/iis-server/investment/stock/finance-info/PAN?page=1&pageSize=4&unit=1000&termtype=1&type=LCTT&termType=1&code=PAN,2026-10-09T13:25:24.208591+07:00,PAN cashflow,KBS annual peer snapshot; period and scope checked; not independently verified
PEER_QNS_balance_VNM_20261009_132515_894923,https://kbbuddywts.kbsec.com.vn/iis-server/investment/stock/finance-info/QNS?page=1&pageSize=4&unit=1000&termtype=1&type=CDKT&languageid=1,2026-10-09T13:25:22.659074+07:00,QNS balance,KBS annual peer snapshot; period and scope checked; not independently verified
PEER_QNS_income_VNM_20261009_132515_894923,https://kbbuddywts.kbsec.com.vn/iis-server/investment/stock/finance-info/QNS?page=1&pageSize=4&unit=1000&termtype=1&type=KQKD&languageid=1,2026-10-09T13:25:24.169170+07:00,QNS income,KBS annual peer snapshot; period and scope checked; not independently verified
PEER_QNS_cashflow_VNM_20261009_132515_894923,https://kbbuddywts.kbsec.com.vn/iis-server/investment/stock/finance-info/QNS?page=1&pageSize=4&unit=1000&termtype=1&type=LCTT&termType=1&code=QNS,2026-10-09T13:25:24.517546+07:00,QNS cashflow,KBS annual peer snapshot; period and scope checked; not independently verified
PEER_KDC_balance_VNM_20261009_132515_894923,https://kbbuddywts.kbsec.com.vn/iis-server/investment/stock/finance-info/KDC?page=1&pageSize=4&unit=1000&termtype=1&type=CDKT&languageid=1,2026-10-09T13:25:20.347789+07:00,KDC balance,KBS annual peer snapshot; period and scope checked; not independently verified
PEER_KDC_income_VNM_20261009_132515_894923,https://kbbuddywts.kbsec.com.vn/iis-server/investment/stock/finance-info/KDC?page=1&pageSize=4&unit=1000&termtype=1&type=KQKD&languageid=1,2026-10-09T13:25:24.588531+07:00,KDC income,KBS annual peer snapshot; period and scope checked; not independently verified
PEER_KDC_cashflow_VNM_20261009_132515_894923,https://kbbuddywts.kbsec.com.vn/iis-server/investment/stock/finance-info/KDC?page=1&pageSize=4&unit=1000&termtype=1&type=LCTT&termType=1&code=KDC,2026-10-09T13:25:24.588531+07:00,KDC cashflow,KBS annual peer snapshot; period and scope checked; not independently verified
YAHOO_VCB_20261009_132525_257984,https://query1.finance.yahoo.com/v8/finance/chart/VCB.VN?period1=1759942800&period2=1791478800&interval=1d&events=div%2Csplits,2026-10-09T13:25:25.734954+07:00,chart.indicators.quote,Raw snapshot: data/raw/prices/VCB_20261009_132525_257984.json; VND; adjustment basis unverified
KBS_balance_VCB_20261009_132525_257984,https://kbbuddywts.kbsec.com.vn/iis-server/investment/stock/finance-info/VCB?page=1&pageSize=4&unit=1000&termtype=1&type=CDKT&languageid=1,2026-10-09T13:25:26.441956+07:00,balance,Financial monetary values requested in thousand VND; EPS in VND/share
KBS_cashflow_VCB_20261009_132525_257984,https://kbbuddywts.kbsec.com.vn/iis-server/investment/stock/finance-info/VCB?page=1&pageSize=4&unit=1000&termtype=1&type=LCTT&termType=1&code=VCB,2026-10-09T13:25:26.441956+07:00,cashflow,Financial monetary values requested in thousand VND; EPS in VND/share
KBS_income_VCB_20261009_132525_257984,https://kbbuddywts.kbsec.com.vn/iis-server/investment/stock/finance-info/VCB?page=1&pageSize=4&unit=1000&termtype=1&type=KQKD&languageid=1,2026-10-09T13:25:26.209999+07:00,income,Financial monetary values requested in thousand VND; EPS in VND/share
KBS_news_VCB_20261009_132525_257984,https://kbbuddywts.kbsec.com.vn/iis-server/investment/stockinfo/news/VCB?l=1&p=1&s=12,2026-10-09T13:25:25.973861+07:00,news,Public source snapshot
KBS_price_check_VCB_20261009_132525_257984,https://kbbuddywts.kbsec.com.vn/iis-server/investment/stocks/VCB/data_day?sdate=24-08-2026&edate=08-10-2026,2026-10-09T13:25:25.973861+07:00,price_check,Public source snapshot
KBS_profile_VCB_20261009_132525_257984,https://kbbuddywts.kbsec.com.vn/iis-server/investment/stockinfo/profile/VCB?l=1,2026-10-09T13:25:26.055199+07:00,profile,Public source snapshot
NSO_VCB_20261009_132525_257984_0,https://www.nso.gov.vn/bai-top/2026/10/bao-cao-tinh-hinh-kinh-te-xa-hoi-quy-iii-va-9-thang-nam-2026/,2026-10-09T13:25:29.047971+07:00,Báo cáo tình hình kinh tế - xã hội quý III và 9 tháng năm 2026,NSO; published 2026-10-03; reference 9/2026; raw NSO_VCB_20261009_132525_257984_0.html
WDI_cpi_annual_VCB_20261009_132525_257984,https://api.worldbank.org/v2/country/VNM/indicator/FP.CPI.TOTL.ZG?format=json&per_page=20,2026-10-09T13:25:31.795852+07:00,cpi_annual,World Bank WDI annual; lastupdated not first release; historical/stale observations labeled
WDI_fx_annual_VCB_20261009_132525_257984,https://api.worldbank.org/v2/country/VNM/indicator/PA.NUS.FCRF?format=json&per_page=20,2026-10-09T13:25:29.452551+07:00,fx_annual,World Bank WDI annual; lastupdated not first release; historical/stale observations labeled
WDI_gdp_annual_VCB_20261009_132525_257984,https://api.worldbank.org/v2/country/VNM/indicator/NY.GDP.MKTP.KD.ZG?format=json&per_page=20,2026-10-09T13:25:29.452551+07:00,gdp_annual,World Bank WDI annual; lastupdated not first release; historical/stale observations labeled
WDI_lending_annual_VCB_20261009_132525_257984,https://api.worldbank.org/v2/country/VNM/indicator/FR.INR.LEND?format=json&per_page=20,2026-10-09T13:25:30.088965+07:00,lending_annual,World Bank WDI annual; lastupdated not first release; historical/stale observations labeled
SECTOR_8355_VCB_20261009_132525_257984,https://iq.vietcap.com.vn/api/iq-insight-service/v2/company/search-bar?language=1,2026-10-09T13:18:36.327423+07:00,Vietcap ICB; level 4; code 8355; Ngân hàng,Vietcap ICB; cache_under_1h; current classification; ratings/targets/intraday quote fields excluded
PEER_BID_balance_VCB_20261009_132525_257984,https://kbbuddywts.kbsec.com.vn/iis-server/investment/stock/finance-info/BID?page=1&pageSize=4&unit=1000&termtype=1&type=CDKT&languageid=1,2026-10-09T13:25:26.887874+07:00,BID balance,KBS annual peer snapshot; period and scope checked; not independently verified
PEER_BID_income_VCB_20261009_132525_257984,https://kbbuddywts.kbsec.com.vn/iis-server/investment/stock/finance-info/BID?page=1&pageSize=4&unit=1000&termtype=1&type=KQKD&languageid=1,2026-10-09T13:25:29.756241+07:00,BID income,KBS annual peer snapshot; period and scope checked; not independently verified
PEER_BID_cashflow_VCB_20261009_132525_257984,https://kbbuddywts.kbsec.com.vn/iis-server/investment/stock/finance-info/BID?page=1&pageSize=4&unit=1000&termtype=1&type=LCTT&termType=1&code=BID,2026-10-09T13:25:29.844610+07:00,BID cashflow,KBS annual peer snapshot; period and scope checked; not independently verified
PEER_CTG_balance_VCB_20261009_132525_257984,https://kbbuddywts.kbsec.com.vn/iis-server/investment/stock/finance-info/CTG?page=1&pageSize=4&unit=1000&termtype=1&type=CDKT&languageid=1,2026-10-09T13:25:27.229903+07:00,CTG balance,KBS annual peer snapshot; period and scope checked; not independently verified
PEER_CTG_income_VCB_20261009_132525_257984,https://kbbuddywts.kbsec.com.vn/iis-server/investment/stock/finance-info/CTG?page=1&pageSize=4&unit=1000&termtype=1&type=KQKD&languageid=1,2026-10-09T13:25:29.756241+07:00,CTG income,KBS annual peer snapshot; period and scope checked; not independently verified
PEER_CTG_cashflow_VCB_20261009_132525_257984,https://kbbuddywts.kbsec.com.vn/iis-server/investment/stock/finance-info/CTG?page=1&pageSize=4&unit=1000&termtype=1&type=LCTT&termType=1&code=CTG,2026-10-09T13:25:29.904524+07:00,CTG cashflow,KBS annual peer snapshot; period and scope checked; not independently verified
PEER_MBB_balance_VCB_20261009_132525_257984,https://kbbuddywts.kbsec.com.vn/iis-server/investment/stock/finance-info/MBB?page=1&pageSize=4&unit=1000&termtype=1&type=CDKT&languageid=1,2026-10-09T13:25:27.768782+07:00,MBB balance,KBS annual peer snapshot; period and scope checked; not independently verified
PEER_MBB_income_VCB_20261009_132525_257984,https://kbbuddywts.kbsec.com.vn/iis-server/investment/stock/finance-info/MBB?page=1&pageSize=4&unit=1000&termtype=1&type=KQKD&languageid=1,2026-10-09T13:25:29.756241+07:00,MBB income,KBS annual peer snapshot; period and scope checked; not independently verified
PEER_MBB_cashflow_VCB_20261009_132525_257984,https://kbbuddywts.kbsec.com.vn/iis-server/investment/stock/finance-info/MBB?page=1&pageSize=4&unit=1000&termtype=1&type=LCTT&termType=1&code=MBB,2026-10-09T13:25:30.293303+07:00,MBB cashflow,KBS annual peer snapshot; period and scope checked; not independently verified
PEER_TCB_balance_VCB_20261009_132525_257984,https://kbbuddywts.kbsec.com.vn/iis-server/investment/stock/finance-info/TCB?page=1&pageSize=4&unit=1000&termtype=1&type=CDKT&languageid=1,2026-10-09T13:25:28.628900+07:00,TCB balance,KBS annual peer snapshot; period and scope checked; not independently verified
PEER_TCB_income_VCB_20261009_132525_257984,https://kbbuddywts.kbsec.com.vn/iis-server/investment/stock/finance-info/TCB?page=1&pageSize=4&unit=1000&termtype=1&type=KQKD&languageid=1,2026-10-09T13:25:30.292316+07:00,TCB income,KBS annual peer snapshot; period and scope checked; not independently verified
PEER_TCB_cashflow_VCB_20261009_132525_257984,https://kbbuddywts.kbsec.com.vn/iis-server/investment/stock/finance-info/TCB?page=1&pageSize=4&unit=1000&termtype=1&type=LCTT&termType=1&code=TCB,2026-10-09T13:25:30.406306+07:00,TCB cashflow,KBS annual peer snapshot; period and scope checked; not independently verified
YAHOO_SSI_20261009_132531_828014,https://query1.finance.yahoo.com/v8/finance/chart/SSI.VN?period1=1759942800&period2=1791478800&interval=1d&events=div%2Csplits,2026-10-09T13:25:32.441369+07:00,chart.indicators.quote,Raw snapshot: data/raw/prices/SSI_20261009_132531_828014.json; VND; adjustment basis unverified
KBS_balance_SSI_20261009_132531_828014,https://kbbuddywts.kbsec.com.vn/iis-server/investment/stock/finance-info/SSI?page=1&pageSize=4&unit=1000&termtype=1&type=CDKT&languageid=1,2026-10-09T13:25:33.427448+07:00,balance,Financial monetary values requested in thousand VND; EPS in VND/share
KBS_cashflow_SSI_20261009_132531_828014,https://kbbuddywts.kbsec.com.vn/iis-server/investment/stock/finance-info/SSI?page=1&pageSize=4&unit=1000&termtype=1&type=LCTT&termType=1&code=SSI,2026-10-09T13:25:33.907032+07:00,cashflow,Financial monetary values requested in thousand VND; EPS in VND/share
KBS_income_SSI_20261009_132531_828014,https://kbbuddywts.kbsec.com.vn/iis-server/investment/stock/finance-info/SSI?page=1&pageSize=4&unit=1000&termtype=1&type=KQKD&languageid=1,2026-10-09T13:25:33.373731+07:00,income,Financial monetary values requested in thousand VND; EPS in VND/share
KBS_news_SSI_20261009_132531_828014,https://kbbuddywts.kbsec.com.vn/iis-server/investment/stockinfo/news/SSI?l=1&p=1&s=12,2026-10-09T13:25:32.723488+07:00,news,Public source snapshot
KBS_price_check_SSI_20261009_132531_828014,https://kbbuddywts.kbsec.com.vn/iis-server/investment/stocks/SSI/data_day?sdate=24-08-2026&edate=08-10-2026,2026-10-09T13:25:33.029253+07:00,price_check,Public source snapshot
KBS_profile_SSI_20261009_132531_828014,https://kbbuddywts.kbsec.com.vn/iis-server/investment/stockinfo/profile/SSI?l=1,2026-10-09T13:25:32.722482+07:00,profile,Public source snapshot
NSO_SSI_20261009_132531_828014_0,https://www.nso.gov.vn/bai-top/2026/10/bao-cao-tinh-hinh-kinh-te-xa-hoi-quy-iii-va-9-thang-nam-2026/,2026-10-09T13:25:37.035576+07:00,Báo cáo tình hình kinh tế - xã hội quý III và 9 tháng năm 2026,NSO; published 2026-10-03; reference 9/2026; raw NSO_SSI_20261009_132531_828014_0.html
WDI_cpi_annual_SSI_20261009_132531_828014,https://api.worldbank.org/v2/country/VNM/indicator/FP.CPI.TOTL.ZG?format=json&per_page=20,2026-10-09T13:25:37.490170+07:00,cpi_annual,World Bank WDI annual; lastupdated not first release; historical/stale observations labeled
WDI_fx_annual_SSI_20261009_132531_828014,https://api.worldbank.org/v2/country/VNM/indicator/PA.NUS.FCRF?format=json&per_page=20,2026-10-09T13:25:37.490170+07:00,fx_annual,World Bank WDI annual; lastupdated not first release; historical/stale observations labeled
WDI_gdp_annual_SSI_20261009_132531_828014,https://api.worldbank.org/v2/country/VNM/indicator/NY.GDP.MKTP.KD.ZG?format=json&per_page=20,2026-10-09T13:25:38.373259+07:00,gdp_annual,World Bank WDI annual; lastupdated not first release; historical/stale observations labeled
WDI_lending_annual_SSI_20261009_132531_828014,https://api.worldbank.org/v2/country/VNM/indicator/FR.INR.LEND?format=json&per_page=20,2026-10-09T13:25:40.383704+07:00,lending_annual,World Bank WDI annual; lastupdated not first release; historical/stale observations labeled
SECTOR_8777_SSI_20261009_132531_828014,https://iq.vietcap.com.vn/api/iq-insight-service/v2/company/search-bar?language=1,2026-10-09T13:18:36.327423+07:00,Vietcap ICB; level 4; code 8777; Môi giới chứng khoán,Vietcap ICB; cache_under_1h; current classification; ratings/targets/intraday quote fields excluded
PEER_VCK_balance_SSI_20261009_132531_828014,https://kbbuddywts.kbsec.com.vn/iis-server/investment/stock/finance-info/VCK?page=1&pageSize=4&unit=1000&termtype=1&type=CDKT&languageid=1,2026-10-09T13:25:40.567408+07:00,VCK balance,KBS annual peer snapshot; period and scope checked; not independently verified
PEER_VCK_income_SSI_20261009_132531_828014,https://kbbuddywts.kbsec.com.vn/iis-server/investment/stock/finance-info/VCK?page=1&pageSize=4&unit=1000&termtype=1&type=KQKD&languageid=1,2026-10-09T13:25:42.567204+07:00,VCK income,KBS annual peer snapshot; period and scope checked; not independently verified
PEER_VCK_cashflow_SSI_20261009_132531_828014,https://kbbuddywts.kbsec.com.vn/iis-server/investment/stock/finance-info/VCK?page=1&pageSize=4&unit=1000&termtype=1&type=LCTT&termType=1&code=VCK,2026-10-09T13:25:42.912596+07:00,VCK cashflow,KBS annual peer snapshot; period and scope checked; not independently verified
PEER_TVS_balance_SSI_20261009_132531_828014,https://kbbuddywts.kbsec.com.vn/iis-server/investment/stock/finance-info/TVS?page=1&pageSize=4&unit=1000&termtype=1&type=CDKT&languageid=1,2026-10-09T13:25:40.457614+07:00,TVS balance,KBS annual peer snapshot; period and scope checked; not independently verified
PEER_TVS_income_SSI_20261009_132531_828014,https://kbbuddywts.kbsec.com.vn/iis-server/investment/stock/finance-info/TVS?page=1&pageSize=4&unit=1000&termtype=1&type=KQKD&languageid=1,2026-10-09T13:25:42.565696+07:00,TVS income,KBS annual peer snapshot; period and scope checked; not independently verified
PEER_TVS_cashflow_SSI_20261009_132531_828014,https://kbbuddywts.kbsec.com.vn/iis-server/investment/stock/finance-info/TVS?page=1&pageSize=4&unit=1000&termtype=1&type=LCTT&termType=1&code=TVS,2026-10-09T13:25:42.704367+07:00,TVS cashflow,KBS annual peer snapshot; period and scope checked; not independently verified
PEER_VDS_balance_SSI_20261009_132531_828014,https://kbbuddywts.kbsec.com.vn/iis-server/investment/stock/finance-info/VDS?page=1&pageSize=4&unit=1000&termtype=1&type=CDKT&languageid=1,2026-10-09T13:25:40.825472+07:00,VDS balance,KBS annual peer snapshot; period and scope checked; not independently verified
PEER_VDS_income_SSI_20261009_132531_828014,https://kbbuddywts.kbsec.com.vn/iis-server/investment/stock/finance-info/VDS?page=1&pageSize=4&unit=1000&termtype=1&type=KQKD&languageid=1,2026-10-09T13:25:42.569211+07:00,VDS income,KBS annual peer snapshot; period and scope checked; not independently verified
PEER_VDS_cashflow_SSI_20261009_132531_828014,https://kbbuddywts.kbsec.com.vn/iis-server/investment/stock/finance-info/VDS?page=1&pageSize=4&unit=1000&termtype=1&type=LCTT&termType=1&code=VDS,2026-10-09T13:25:43.357894+07:00,VDS cashflow,KBS annual peer snapshot; period and scope checked; not independently verified
PEER_TCI_balance_SSI_20261009_132531_828014,https://kbbuddywts.kbsec.com.vn/iis-server/investment/stock/finance-info/TCI?page=1&pageSize=4&unit=1000&termtype=1&type=CDKT&languageid=1,2026-10-09T13:25:39.850301+07:00,TCI balance,KBS annual peer snapshot; period and scope checked; not independently verified
PEER_TCI_income_SSI_20261009_132531_828014,https://kbbuddywts.kbsec.com.vn/iis-server/investment/stock/finance-info/TCI?page=1&pageSize=4&unit=1000&termtype=1&type=KQKD&languageid=1,2026-10-09T13:25:43.185993+07:00,TCI income,KBS annual peer snapshot; period and scope checked; not independently verified
PEER_TCI_cashflow_SSI_20261009_132531_828014,https://kbbuddywts.kbsec.com.vn/iis-server/investment/stock/finance-info/TCI?page=1&pageSize=4&unit=1000&termtype=1&type=LCTT&termType=1&code=TCI,2026-10-09T13:25:43.391553+07:00,TCI cashflow,KBS annual peer snapshot; period and scope checked; not independently verified
YAHOO_MWG_20261009_132543_436594,https://query1.finance.yahoo.com/v8/finance/chart/MWG.VN?period1=1759942800&period2=1791478800&interval=1d&events=div%2Csplits,2026-10-09T13:25:43.799176+07:00,chart.indicators.quote,Raw snapshot: data/raw/prices/MWG_20261009_132543_436594.json; VND; adjustment basis unverified
KBS_balance_MWG_20261009_132543_436594,https://kbbuddywts.kbsec.com.vn/iis-server/investment/stock/finance-info/MWG?page=1&pageSize=4&unit=1000&termtype=1&type=CDKT&languageid=1,2026-10-09T13:25:44.750137+07:00,balance,Financial monetary values requested in thousand VND; EPS in VND/share
KBS_cashflow_MWG_20261009_132543_436594,https://kbbuddywts.kbsec.com.vn/iis-server/investment/stock/finance-info/MWG?page=1&pageSize=4&unit=1000&termtype=1&type=LCTT&termType=1&code=MWG,2026-10-09T13:25:44.511836+07:00,cashflow,Financial monetary values requested in thousand VND; EPS in VND/share
KBS_income_MWG_20261009_132543_436594,https://kbbuddywts.kbsec.com.vn/iis-server/investment/stock/finance-info/MWG?page=1&pageSize=4&unit=1000&termtype=1&type=KQKD&languageid=1,2026-10-09T13:25:44.431300+07:00,income,Financial monetary values requested in thousand VND; EPS in VND/share
KBS_news_MWG_20261009_132543_436594,https://kbbuddywts.kbsec.com.vn/iis-server/investment/stockinfo/news/MWG?l=1&p=1&s=12,2026-10-09T13:25:44.030320+07:00,news,Public source snapshot
KBS_price_check_MWG_20261009_132543_436594,https://kbbuddywts.kbsec.com.vn/iis-server/investment/stocks/MWG/data_day?sdate=24-08-2026&edate=08-10-2026,2026-10-09T13:25:44.031333+07:00,price_check,Public source snapshot
KBS_profile_MWG_20261009_132543_436594,https://kbbuddywts.kbsec.com.vn/iis-server/investment/stockinfo/profile/MWG?l=1,2026-10-09T13:25:44.032488+07:00,profile,Public source snapshot
NSO_MWG_20261009_132543_436594_0,https://www.nso.gov.vn/bai-top/2026/10/bao-cao-tinh-hinh-kinh-te-xa-hoi-quy-iii-va-9-thang-nam-2026/,2026-10-09T13:25:46.966617+07:00,Báo cáo tình hình kinh tế - xã hội quý III và 9 tháng năm 2026,NSO; published 2026-10-03; reference 9/2026; raw NSO_MWG_20261009_132543_436594_0.html
WDI_cpi_annual_MWG_20261009_132543_436594,https://api.worldbank.org/v2/country/VNM/indicator/FP.CPI.TOTL.ZG?format=json&per_page=20,2026-10-09T13:25:48.341197+07:00,cpi_annual,World Bank WDI annual; lastupdated not first release; historical/stale observations labeled
WDI_fx_annual_MWG_20261009_132543_436594,https://api.worldbank.org/v2/country/VNM/indicator/PA.NUS.FCRF?format=json&per_page=20,2026-10-09T13:25:47.266455+07:00,fx_annual,World Bank WDI annual; lastupdated not first release; historical/stale observations labeled
WDI_gdp_annual_MWG_20261009_132543_436594,https://api.worldbank.org/v2/country/VNM/indicator/NY.GDP.MKTP.KD.ZG?format=json&per_page=20,2026-10-09T13:25:47.287841+07:00,gdp_annual,World Bank WDI annual; lastupdated not first release; historical/stale observations labeled
WDI_lending_annual_MWG_20261009_132543_436594,https://api.worldbank.org/v2/country/VNM/indicator/FR.INR.LEND?format=json&per_page=20,2026-10-09T13:25:47.284384+07:00,lending_annual,World Bank WDI annual; lastupdated not first release; historical/stale observations labeled
SECTOR_5379_MWG_20261009_132543_436594,https://iq.vietcap.com.vn/api/iq-insight-service/v2/company/search-bar?language=1,2026-10-09T13:18:36.327423+07:00,Vietcap ICB; level 4; code 5379; Phân phối hàng chuyên dụng,Vietcap ICB; cache_under_1h; current classification; ratings/targets/intraday quote fields excluded
PEER_FRT_balance_MWG_20261009_132543_436594,https://kbbuddywts.kbsec.com.vn/iis-server/investment/stock/finance-info/FRT?page=1&pageSize=4&unit=1000&termtype=1&type=CDKT&languageid=1,2026-10-09T13:25:45.477593+07:00,FRT balance,KBS annual peer snapshot; period and scope checked; not independently verified
PEER_FRT_income_MWG_20261009_132543_436594,https://kbbuddywts.kbsec.com.vn/iis-server/investment/stock/finance-info/FRT?page=1&pageSize=4&unit=1000&termtype=1&type=KQKD&languageid=1,2026-10-09T13:25:46.435971+07:00,FRT income,KBS annual peer snapshot; period and scope checked; not independently verified
PEER_FRT_cashflow_MWG_20261009_132543_436594,https://kbbuddywts.kbsec.com.vn/iis-server/investment/stock/finance-info/FRT?page=1&pageSize=4&unit=1000&termtype=1&type=LCTT&termType=1&code=FRT,2026-10-09T13:25:46.548780+07:00,FRT cashflow,KBS annual peer snapshot; period and scope checked; not independently verified
PEER_PET_balance_MWG_20261009_132543_436594,https://kbbuddywts.kbsec.com.vn/iis-server/investment/stock/finance-info/PET?page=1&pageSize=4&unit=1000&termtype=1&type=CDKT&languageid=1,2026-10-09T13:25:45.480594+07:00,PET balance,KBS annual peer snapshot; period and scope checked; not independently verified
PEER_PET_income_MWG_20261009_132543_436594,https://kbbuddywts.kbsec.com.vn/iis-server/investment/stock/finance-info/PET?page=1&pageSize=4&unit=1000&termtype=1&type=KQKD&languageid=1,2026-10-09T13:25:46.434973+07:00,PET income,KBS annual peer snapshot; period and scope checked; not independently verified
PEER_PET_cashflow_MWG_20261009_132543_436594,https://kbbuddywts.kbsec.com.vn/iis-server/investment/stock/finance-info/PET?page=1&pageSize=4&unit=1000&termtype=1&type=LCTT&termType=1&code=PET,2026-10-09T13:25:46.547424+07:00,PET cashflow,KBS annual peer snapshot; period and scope checked; not independently verified
PEER_DGW_balance_MWG_20261009_132543_436594,https://kbbuddywts.kbsec.com.vn/iis-server/investment/stock/finance-info/DGW?page=1&pageSize=4&unit=1000&termtype=1&type=CDKT&languageid=1,2026-10-09T13:25:45.438127+07:00,DGW balance,KBS annual peer snapshot; period and scope checked; not independently verified
PEER_DGW_income_MWG_20261009_132543_436594,https://kbbuddywts.kbsec.com.vn/iis-server/investment/stock/finance-info/DGW?page=1&pageSize=4&unit=1000&termtype=1&type=KQKD&languageid=1,2026-10-09T13:25:46.431863+07:00,DGW income,KBS annual peer snapshot; period and scope checked; not independently verified
PEER_DGW_cashflow_MWG_20261009_132543_436594,https://kbbuddywts.kbsec.com.vn/iis-server/investment/stock/finance-info/DGW?page=1&pageSize=4&unit=1000&termtype=1&type=LCTT&termType=1&code=DGW,2026-10-09T13:25:46.842283+07:00,DGW cashflow,KBS annual peer snapshot; period and scope checked; not independently verified
PEER_AST_balance_MWG_20261009_132543_436594,https://kbbuddywts.kbsec.com.vn/iis-server/investment/stock/finance-info/AST?page=1&pageSize=4&unit=1000&termtype=1&type=CDKT&languageid=1,2026-10-09T13:25:45.478593+07:00,AST balance,KBS annual peer snapshot; period and scope checked; not independently verified
PEER_AST_income_MWG_20261009_132543_436594,https://kbbuddywts.kbsec.com.vn/iis-server/investment/stock/finance-info/AST?page=1&pageSize=4&unit=1000&termtype=1&type=KQKD&languageid=1,2026-10-09T13:25:46.780421+07:00,AST income,KBS annual peer snapshot; period and scope checked; not independently verified
PEER_AST_cashflow_MWG_20261009_132543_436594,https://kbbuddywts.kbsec.com.vn/iis-server/investment/stock/finance-info/AST?page=1&pageSize=4&unit=1000&termtype=1&type=LCTT&termType=1&code=AST,2026-10-09T13:25:46.894534+07:00,AST cashflow,KBS annual peer snapshot; period and scope checked; not independently verified
YAHOO_DGC_20261009_132548_383911,https://query1.finance.yahoo.com/v8/finance/chart/DGC.VN?period1=1759942800&period2=1791478800&interval=1d&events=div%2Csplits,2026-10-09T13:25:48.776249+07:00,chart.indicators.quote,Raw snapshot: data/raw/prices/DGC_20261009_132548_383911.json; VND; adjustment basis unverified
KBS_balance_DGC_20261009_132548_383911,https://kbbuddywts.kbsec.com.vn/iis-server/investment/stock/finance-info/DGC?page=1&pageSize=4&unit=1000&termtype=1&type=CDKT&languageid=1,2026-10-09T13:25:49.638261+07:00,balance,Financial monetary values requested in thousand VND; EPS in VND/share
KBS_cashflow_DGC_20261009_132548_383911,https://kbbuddywts.kbsec.com.vn/iis-server/investment/stock/finance-info/DGC?page=1&pageSize=4&unit=1000&termtype=1&type=LCTT&termType=1&code=DGC,2026-10-09T13:25:49.342043+07:00,cashflow,Financial monetary values requested in thousand VND; EPS in VND/share
KBS_income_DGC_20261009_132548_383911,https://kbbuddywts.kbsec.com.vn/iis-server/investment/stock/finance-info/DGC?page=1&pageSize=4&unit=1000&termtype=1&type=KQKD&languageid=1,2026-10-09T13:25:49.232774+07:00,income,Financial monetary values requested in thousand VND; EPS in VND/share
KBS_news_DGC_20261009_132548_383911,https://kbbuddywts.kbsec.com.vn/iis-server/investment/stockinfo/news/DGC?l=1&p=1&s=12,2026-10-09T13:25:48.997006+07:00,news,Public source snapshot
KBS_price_check_DGC_20261009_132548_383911,https://kbbuddywts.kbsec.com.vn/iis-server/investment/stocks/DGC/data_day?sdate=24-08-2026&edate=08-10-2026,2026-10-09T13:25:48.963619+07:00,price_check,Public source snapshot
KBS_profile_DGC_20261009_132548_383911,https://kbbuddywts.kbsec.com.vn/iis-server/investment/stockinfo/profile/DGC?l=1,2026-10-09T13:25:48.999442+07:00,profile,Public source snapshot
NSO_DGC_20261009_132548_383911_0,https://www.nso.gov.vn/bai-top/2026/10/bao-cao-tinh-hinh-kinh-te-xa-hoi-quy-iii-va-9-thang-nam-2026/,2026-10-09T13:25:52.086405+07:00,Báo cáo tình hình kinh tế - xã hội quý III và 9 tháng năm 2026,NSO; published 2026-10-03; reference 9/2026; raw NSO_DGC_20261009_132548_383911_0.html
WDI_cpi_annual_DGC_20261009_132548_383911,https://api.worldbank.org/v2/country/VNM/indicator/FP.CPI.TOTL.ZG?format=json&per_page=20,2026-10-09T13:25:54.333099+07:00,cpi_annual,World Bank WDI annual; lastupdated not first release; historical/stale observations labeled
WDI_fx_annual_DGC_20261009_132548_383911,https://api.worldbank.org/v2/country/VNM/indicator/PA.NUS.FCRF?format=json&per_page=20,2026-10-09T13:25:53.249566+07:00,fx_annual,World Bank WDI annual; lastupdated not first release; historical/stale observations labeled
WDI_gdp_annual_DGC_20261009_132548_383911,https://api.worldbank.org/v2/country/VNM/indicator/NY.GDP.MKTP.KD.ZG?format=json&per_page=20,2026-10-09T13:25:52.465954+07:00,gdp_annual,World Bank WDI annual; lastupdated not first release; historical/stale observations labeled
WDI_lending_annual_DGC_20261009_132548_383911,https://api.worldbank.org/v2/country/VNM/indicator/FR.INR.LEND?format=json&per_page=20,2026-10-09T13:25:52.465954+07:00,lending_annual,World Bank WDI annual; lastupdated not first release; historical/stale observations labeled
SECTOR_1357_DGC_20261009_132548_383911,https://iq.vietcap.com.vn/api/iq-insight-service/v2/company/search-bar?language=1,2026-10-09T13:18:36.327423+07:00,"Vietcap ICB; level 4; code 1357; Sản phẩm hóa dầu, Nông dược & Hóa chất khác",Vietcap ICB; cache_under_1h; current classification; ratings/targets/intraday quote fields excluded
PEER_DPM_balance_DGC_20261009_132548_383911,https://kbbuddywts.kbsec.com.vn/iis-server/investment/stock/finance-info/DPM?page=1&pageSize=4&unit=1000&termtype=1&type=CDKT&languageid=1,2026-10-09T13:25:51.969257+07:00,DPM balance,KBS annual peer snapshot; period and scope checked; not independently verified
PEER_DPM_income_DGC_20261009_132548_383911,https://kbbuddywts.kbsec.com.vn/iis-server/investment/stock/finance-info/DPM?page=1&pageSize=4&unit=1000&termtype=1&type=KQKD&languageid=1,2026-10-09T13:25:55.563572+07:00,DPM income,KBS annual peer snapshot; period and scope checked; not independently verified
PEER_DPM_cashflow_DGC_20261009_132548_383911,https://kbbuddywts.kbsec.com.vn/iis-server/investment/stock/finance-info/DPM?page=1&pageSize=4&unit=1000&termtype=1&type=LCTT&termType=1&code=DPM,2026-10-09T13:25:55.649208+07:00,DPM cashflow,KBS annual peer snapshot; period and scope checked; not independently verified
PEER_DCM_balance_DGC_20261009_132548_383911,https://kbbuddywts.kbsec.com.vn/iis-server/investment/stock/finance-info/DCM?page=1&pageSize=4&unit=1000&termtype=1&type=CDKT&languageid=1,2026-10-09T13:25:51.209902+07:00,DCM balance,KBS annual peer snapshot; period and scope checked; not independently verified
PEER_DCM_income_DGC_20261009_132548_383911,https://kbbuddywts.kbsec.com.vn/iis-server/investment/stock/finance-info/DCM?page=1&pageSize=4&unit=1000&termtype=1&type=KQKD&languageid=1,2026-10-09T13:25:55.564800+07:00,DCM income,KBS annual peer snapshot; period and scope checked; not independently verified
PEER_DCM_cashflow_DGC_20261009_132548_383911,https://kbbuddywts.kbsec.com.vn/iis-server/investment/stock/finance-info/DCM?page=1&pageSize=4&unit=1000&termtype=1&type=LCTT&termType=1&code=DCM,2026-10-09T13:25:55.650210+07:00,DCM cashflow,KBS annual peer snapshot; period and scope checked; not independently verified
PEER_PLC_balance_DGC_20261009_132548_383911,https://kbbuddywts.kbsec.com.vn/iis-server/investment/stock/finance-info/PLC?page=1&pageSize=4&unit=1000&termtype=1&type=CDKT&languageid=1,2026-10-09T13:25:52.981826+07:00,PLC balance,KBS annual peer snapshot; period and scope checked; not independently verified
PEER_PLC_income_DGC_20261009_132548_383911,https://kbbuddywts.kbsec.com.vn/iis-server/investment/stock/finance-info/PLC?page=1&pageSize=4&unit=1000&termtype=1&type=KQKD&languageid=1,2026-10-09T13:25:55.562540+07:00,PLC income,KBS annual peer snapshot; period and scope checked; not independently verified
PEER_PLC_cashflow_DGC_20261009_132548_383911,https://kbbuddywts.kbsec.com.vn/iis-server/investment/stock/finance-info/PLC?page=1&pageSize=4&unit=1000&termtype=1&type=LCTT&termType=1&code=PLC,2026-10-09T13:25:55.970458+07:00,PLC cashflow,KBS annual peer snapshot; period and scope checked; not independently verified
PEER_BFC_balance_DGC_20261009_132548_383911,https://kbbuddywts.kbsec.com.vn/iis-server/investment/stock/finance-info/BFC?page=1&pageSize=4&unit=1000&termtype=1&type=CDKT&languageid=1,2026-10-09T13:25:50.325570+07:00,BFC balance,KBS annual peer snapshot; period and scope checked; not independently verified
PEER_BFC_income_DGC_20261009_132548_383911,https://kbbuddywts.kbsec.com.vn/iis-server/investment/stock/finance-info/BFC?page=1&pageSize=4&unit=1000&termtype=1&type=KQKD&languageid=1,2026-10-09T13:25:55.905832+07:00,BFC income,KBS annual peer snapshot; period and scope checked; not independently verified
PEER_BFC_cashflow_DGC_20261009_132548_383911,https://kbbuddywts.kbsec.com.vn/iis-server/investment/stock/finance-info/BFC?page=1&pageSize=4&unit=1000&termtype=1&type=LCTT&termType=1&code=BFC,2026-10-09T13:25:55.968457+07:00,BFC cashflow,KBS annual peer snapshot; period and scope checked; not independently verified
YAHOO_REE_20261009_132556_048387,https://query1.finance.yahoo.com/v8/finance/chart/REE.VN?period1=1759942800&period2=1791478800&interval=1d&events=div%2Csplits,2026-10-09T13:25:56.373492+07:00,chart.indicators.quote,Raw snapshot: data/raw/prices/REE_20261009_132556_048387.json; VND; adjustment basis unverified
KBS_balance_REE_20261009_132556_048387,https://kbbuddywts.kbsec.com.vn/iis-server/investment/stock/finance-info/REE?page=1&pageSize=4&unit=1000&termtype=1&type=CDKT&languageid=1,2026-10-09T13:25:57.329429+07:00,balance,Financial monetary values requested in thousand VND; EPS in VND/share
KBS_cashflow_REE_20261009_132556_048387,https://kbbuddywts.kbsec.com.vn/iis-server/investment/stock/finance-info/REE?page=1&pageSize=4&unit=1000&termtype=1&type=LCTT&termType=1&code=REE,2026-10-09T13:25:57.074333+07:00,cashflow,Financial monetary values requested in thousand VND; EPS in VND/share
KBS_income_REE_20261009_132556_048387,https://kbbuddywts.kbsec.com.vn/iis-server/investment/stock/finance-info/REE?page=1&pageSize=4&unit=1000&termtype=1&type=KQKD&languageid=1,2026-10-09T13:25:56.913858+07:00,income,Financial monetary values requested in thousand VND; EPS in VND/share
KBS_news_REE_20261009_132556_048387,https://kbbuddywts.kbsec.com.vn/iis-server/investment/stockinfo/news/REE?l=1&p=1&s=12,2026-10-09T13:25:56.665947+07:00,news,Public source snapshot
KBS_price_check_REE_20261009_132556_048387,https://kbbuddywts.kbsec.com.vn/iis-server/investment/stocks/REE/data_day?sdate=24-08-2026&edate=08-10-2026,2026-10-09T13:25:56.666947+07:00,price_check,Public source snapshot
KBS_profile_REE_20261009_132556_048387,https://kbbuddywts.kbsec.com.vn/iis-server/investment/stockinfo/profile/REE?l=1,2026-10-09T13:25:56.698649+07:00,profile,Public source snapshot
NSO_REE_20261009_132556_048387_0,https://www.nso.gov.vn/bai-top/2026/10/bao-cao-tinh-hinh-kinh-te-xa-hoi-quy-iii-va-9-thang-nam-2026/,2026-10-09T13:26:00.375477+07:00,Báo cáo tình hình kinh tế - xã hội quý III và 9 tháng năm 2026,NSO; published 2026-10-03; reference 9/2026; raw NSO_REE_20261009_132556_048387_0.html
WDI_cpi_annual_REE_20261009_132556_048387,https://api.worldbank.org/v2/country/VNM/indicator/FP.CPI.TOTL.ZG?format=json&per_page=20,2026-10-09T13:26:00.682327+07:00,cpi_annual,World Bank WDI annual; lastupdated not first release; historical/stale observations labeled
WDI_fx_annual_REE_20261009_132556_048387,https://api.worldbank.org/v2/country/VNM/indicator/PA.NUS.FCRF?format=json&per_page=20,2026-10-09T13:26:00.678241+07:00,fx_annual,World Bank WDI annual; lastupdated not first release; historical/stale observations labeled
WDI_gdp_annual_REE_20261009_132556_048387,https://api.worldbank.org/v2/country/VNM/indicator/NY.GDP.MKTP.KD.ZG?format=json&per_page=20,2026-10-09T13:26:00.678241+07:00,gdp_annual,World Bank WDI annual; lastupdated not first release; historical/stale observations labeled
WDI_lending_annual_REE_20261009_132556_048387,https://api.worldbank.org/v2/country/VNM/indicator/FR.INR.LEND?format=json&per_page=20,2026-10-09T13:26:00.678241+07:00,lending_annual,World Bank WDI annual; lastupdated not first release; historical/stale observations labeled
SECTOR_7535_REE_20261009_132556_048387,https://iq.vietcap.com.vn/api/iq-insight-service/v2/company/search-bar?language=1,2026-10-09T13:18:36.327423+07:00,Vietcap ICB; level 4; code 7535; Sản xuất & Phân phối Điện,Vietcap ICB; cache_under_1h; current classification; ratings/targets/intraday quote fields excluded
PEER_POW_balance_REE_20261009_132556_048387,https://kbbuddywts.kbsec.com.vn/iis-server/investment/stock/finance-info/POW?page=1&pageSize=4&unit=1000&termtype=1&type=CDKT&languageid=1,2026-10-09T13:26:02.007178+07:00,POW balance,KBS annual peer snapshot; period and scope checked; not independently verified
PEER_POW_income_REE_20261009_132556_048387,https://kbbuddywts.kbsec.com.vn/iis-server/investment/stock/finance-info/POW?page=1&pageSize=4&unit=1000&termtype=1&type=KQKD&languageid=1,2026-10-09T13:26:06.924425+07:00,POW income,KBS annual peer snapshot; period and scope checked; not independently verified
PEER_POW_cashflow_REE_20261009_132556_048387,https://kbbuddywts.kbsec.com.vn/iis-server/investment/stock/finance-info/POW?page=1&pageSize=4&unit=1000&termtype=1&type=LCTT&termType=1&code=POW,2026-10-09T13:26:07.078259+07:00,POW cashflow,KBS annual peer snapshot; period and scope checked; not independently verified
PEER_PGV_balance_REE_20261009_132556_048387,https://kbbuddywts.kbsec.com.vn/iis-server/investment/stock/finance-info/PGV?page=1&pageSize=4&unit=1000&termtype=1&type=CDKT&languageid=1,2026-10-09T13:26:01.907289+07:00,PGV balance,KBS annual peer snapshot; period and scope checked; not independently verified
PEER_PGV_income_REE_20261009_132556_048387,https://kbbuddywts.kbsec.com.vn/iis-server/investment/stock/finance-info/PGV?page=1&pageSize=4&unit=1000&termtype=1&type=KQKD&languageid=1,2026-10-09T13:26:07.041276+07:00,PGV income,KBS annual peer snapshot; period and scope checked; not independently verified
PEER_PGV_cashflow_REE_20261009_132556_048387,https://kbbuddywts.kbsec.com.vn/iis-server/investment/stock/finance-info/PGV?page=1&pageSize=4&unit=1000&termtype=1&type=LCTT&termType=1&code=PGV,2026-10-09T13:26:07.079258+07:00,PGV cashflow,KBS annual peer snapshot; period and scope checked; not independently verified
PEER_BGE_balance_REE_20261009_132556_048387,https://kbbuddywts.kbsec.com.vn/iis-server/investment/stock/finance-info/BGE?page=1&pageSize=4&unit=1000&termtype=1&type=CDKT&languageid=1,2026-10-09T13:25:58.023673+07:00,BGE balance,KBS annual peer snapshot; period and scope checked; not independently verified
PEER_BGE_income_REE_20261009_132556_048387,https://kbbuddywts.kbsec.com.vn/iis-server/investment/stock/finance-info/BGE?page=1&pageSize=4&unit=1000&termtype=1&type=KQKD&languageid=1,2026-10-09T13:26:06.924425+07:00,BGE income,KBS annual peer snapshot; period and scope checked; not independently verified
PEER_BGE_cashflow_REE_20261009_132556_048387,https://kbbuddywts.kbsec.com.vn/iis-server/investment/stock/finance-info/BGE?page=1&pageSize=4&unit=1000&termtype=1&type=LCTT&termType=1&code=BGE,2026-10-09T13:26:07.463503+07:00,BGE cashflow,KBS annual peer snapshot; period and scope checked; not independently verified
PEER_DTK_balance_REE_20261009_132556_048387,https://kbbuddywts.kbsec.com.vn/iis-server/investment/stock/finance-info/DTK?page=1&pageSize=4&unit=1000&termtype=1&type=CDKT&languageid=1,2026-10-09T13:25:59.916928+07:00,DTK balance,KBS annual peer snapshot; period and scope checked; not independently verified
PEER_DTK_income_REE_20261009_132556_048387,https://kbbuddywts.kbsec.com.vn/iis-server/investment/stock/finance-info/DTK?page=1&pageSize=4&unit=1000&termtype=1&type=KQKD&languageid=1,2026-10-09T13:26:07.353851+07:00,DTK income,KBS annual peer snapshot; period and scope checked; not independently verified
PEER_DTK_cashflow_REE_20261009_132556_048387,https://kbbuddywts.kbsec.com.vn/iis-server/investment/stock/finance-info/DTK?page=1&pageSize=4&unit=1000&termtype=1&type=LCTT&termType=1&code=DTK,2026-10-09T13:26:07.495507+07:00,DTK cashflow,KBS annual peer snapshot; period and scope checked; not independently verified
YAHOO_HPG_20261009_141431_788024,https://query1.finance.yahoo.com/v8/finance/chart/HPG.VN?period1=1759942800&period2=1791478800&interval=1d&events=div%2Csplits,2026-10-09T14:14:32.156533+07:00,chart.indicators.quote,Raw snapshot: data/raw/prices/HPG_20261009_141431_788024.json; VND; adjustment basis unverified
HPG_9a2881a88ac8ca4c,data/raw/documents/20260828-hpg-bctc-hop-nhat-soat-xet-6-thang-2026-va-giai-trinh-1-2.pdf,2026-10-09T14:14:32.534749+07:00,whole PDF; metrics not extracted,Báo cáo tài chính hợp nhất soát xét 6 tháng 2026; published_at=2026-08-28; mode=local_cache_checked_sha256; source_url=https://file.hoaphat.com.vn/hoaphat-com-vn/2026/08/20260828-hpg-bctc-hop-nhat-soat-xet-6-thang-2026-va-giai-trinh-1-2.pdf; listing=https://www.hoaphat.com.vn/quan-he-co-dong/bao-cao-tai-chinh
HPG_1f5c4b14f867d268,data/raw/documents/20260730-hpg-bctc-hop-nhat-quy-2-2026-va-giai-trinh.pdf,2026-10-09T14:14:32.568157+07:00,whole PDF; metrics not extracted,Báo cáo tài chính hợp nhất Quý II/2026; published_at=2026-07-30; mode=local_cache_checked_sha256; source_url=https://file.hoaphat.com.vn/hoaphat-com-vn/2026/07/20260730-hpg-bctc-hop-nhat-quy-2-2026-va-giai-trinh.pdf; listing=https://www.hoaphat.com.vn/quan-he-co-dong/bao-cao-tai-chinh
KBS_balance_HPG_20261009_141431_788024,https://kbbuddywts.kbsec.com.vn/iis-server/investment/stock/finance-info/HPG?page=1&pageSize=4&unit=1000&termtype=1&type=CDKT&languageid=1,2026-10-09T14:14:33.172966+07:00,balance,Financial monetary values requested in thousand VND; EPS in VND/share
KBS_cashflow_HPG_20261009_141431_788024,https://kbbuddywts.kbsec.com.vn/iis-server/investment/stock/finance-info/HPG?page=1&pageSize=4&unit=1000&termtype=1&type=LCTT&termType=1&code=HPG,2026-10-09T14:14:33.106592+07:00,cashflow,Financial monetary values requested in thousand VND; EPS in VND/share
KBS_income_HPG_20261009_141431_788024,https://kbbuddywts.kbsec.com.vn/iis-server/investment/stock/finance-info/HPG?page=1&pageSize=4&unit=1000&termtype=1&type=KQKD&languageid=1,2026-10-09T14:14:33.009142+07:00,income,Financial monetary values requested in thousand VND; EPS in VND/share
KBS_news_HPG_20261009_141431_788024,https://kbbuddywts.kbsec.com.vn/iis-server/investment/stockinfo/news/HPG?l=1&p=1&s=12,2026-10-09T14:14:32.816238+07:00,news,Public source snapshot
KBS_price_check_HPG_20261009_141431_788024,https://kbbuddywts.kbsec.com.vn/iis-server/investment/stocks/HPG/data_day?sdate=24-08-2026&edate=08-10-2026,2026-10-09T14:14:32.808853+07:00,price_check,Public source snapshot
KBS_profile_HPG_20261009_141431_788024,https://kbbuddywts.kbsec.com.vn/iis-server/investment/stockinfo/profile/HPG?l=1,2026-10-09T14:14:32.815253+07:00,profile,Public source snapshot
MINER_balance_HPG_20261009_141431_788024,https://raw.githubusercontent.com/Tumiqa/vn-annual-report-miner/afa208bcf8c24a2b7eb5a1fd446084e376e8838a/src/arminer/data/bctc_data/balance_sheet/HSX.parquet,2026-10-09T13:57:46.163484+07:00,HSX/balance_sheet: HPG,Pinned afa208bcf8c24a2b7eb5a1fd446084e376e8838a; SHA256 11614209b73b90dec64a7e749db8ed65b0a40e865cb79a1d6e09187dba0972ba; reference only; publication/unit/scope not certified
MINER_income_HPG_20261009_141431_788024,https://raw.githubusercontent.com/Tumiqa/vn-annual-report-miner/afa208bcf8c24a2b7eb5a1fd446084e376e8838a/src/arminer/data/bctc_data/income_statement/HSX.parquet,2026-10-09T13:57:47.742202+07:00,HSX/income_statement: HPG,Pinned afa208bcf8c24a2b7eb5a1fd446084e376e8838a; SHA256 5c9c7061440150930caf84ef74f4390bdb6d70e1eb6bf55153cf2161e625c609; reference only; publication/unit/scope not certified
MINER_cashflow_HPG_20261009_141431_788024,https://raw.githubusercontent.com/Tumiqa/vn-annual-report-miner/afa208bcf8c24a2b7eb5a1fd446084e376e8838a/src/arminer/data/bctc_data/cash_flow/HSX.parquet,2026-10-09T13:57:48.776969+07:00,HSX/cash_flow: HPG,Pinned afa208bcf8c24a2b7eb5a1fd446084e376e8838a; SHA256 e4420f10ca57170de85c1ad2c2c6991ac64c11a2f326a5cc4a90263308625b16; reference only; publication/unit/scope not certified
MINER_catalog_HPG_20261009_141431_788024,https://raw.githubusercontent.com/Tumiqa/vn-annual-report-miner/afa208bcf8c24a2b7eb5a1fd446084e376e8838a/data/zenodo_catalog/file_index_full.csv,2026-10-09T13:57:49.970406+07:00,Annual-report catalog: HPG; original catalog release 2026-06-27,Pinned afa208bcf8c24a2b7eb5a1fd446084e376e8838a; SHA256 9d9d469900c5c9657c636d8785b1308eb5e650585f169e4716eb1415f55bfd7c; reference only; publication/unit/scope not certified
ZENODO_PDF_HPG_20261009_141431_788024,https://zenodo.org/records/20949551,2026-10-09T14:14:34.092914+07:00,HPG/HPG_25CN_BCTN.pdf,local_cache_checked_sha256; downloaded_at=None; catalog=https://zenodo.org/records/20949551; SHA256 verified f9fb0c11f2ae20fe6c4e2dad74417876e8e5119749b7dc2d6e951d8ee0f62171; report year 2025; original publication/scope not certified
NSO_HPG_20261009_141431_788024_0,https://www.nso.gov.vn/bai-top/2026/10/bao-cao-tinh-hinh-kinh-te-xa-hoi-quy-iii-va-9-thang-nam-2026/,2026-10-09T14:14:36.523310+07:00,Báo cáo tình hình kinh tế - xã hội quý III và 9 tháng năm 2026,NSO; published 2026-10-03; reference 9/2026; raw NSO_HPG_20261009_141431_788024_0.html
WDI_cpi_annual_HPG_20261009_141431_788024,https://api.worldbank.org/v2/country/VNM/indicator/FP.CPI.TOTL.ZG?format=json&per_page=20,2026-10-09T14:14:36.904676+07:00,cpi_annual,World Bank WDI annual; lastupdated not first release; historical/stale observations labeled
WDI_fx_annual_HPG_20261009_141431_788024,https://api.worldbank.org/v2/country/VNM/indicator/PA.NUS.FCRF?format=json&per_page=20,2026-10-09T14:14:36.884117+07:00,fx_annual,World Bank WDI annual; lastupdated not first release; historical/stale observations labeled
WDI_gdp_annual_HPG_20261009_141431_788024,https://api.worldbank.org/v2/country/VNM/indicator/NY.GDP.MKTP.KD.ZG?format=json&per_page=20,2026-10-09T14:14:36.933779+07:00,gdp_annual,World Bank WDI annual; lastupdated not first release; historical/stale observations labeled
WDI_lending_annual_HPG_20261009_141431_788024,https://api.worldbank.org/v2/country/VNM/indicator/FR.INR.LEND?format=json&per_page=20,2026-10-09T14:14:36.884117+07:00,lending_annual,World Bank WDI annual; lastupdated not first release; historical/stale observations labeled
SECTOR_1757_HPG_20261009_141431_788024,https://iq.vietcap.com.vn/api/iq-insight-service/v2/company/search-bar?language=1,2026-10-09T13:18:36.327423+07:00,Vietcap ICB; level 4; code 1757; Thép và sản phẩm thép,Vietcap ICB; cache_under_1h; current classification; ratings/targets/intraday quote fields excluded
PEER_TVN_balance_HPG_20261009_141431_788024,https://kbbuddywts.kbsec.com.vn/iis-server/investment/stock/finance-info/TVN?page=1&pageSize=4&unit=1000&termtype=1&type=CDKT&languageid=1,2026-10-09T14:14:37.120029+07:00,TVN balance,KBS annual peer snapshot; period and scope checked; not independently verified
PEER_TVN_income_HPG_20261009_141431_788024,https://kbbuddywts.kbsec.com.vn/iis-server/investment/stock/finance-info/TVN?page=1&pageSize=4&unit=1000&termtype=1&type=KQKD&languageid=1,2026-10-09T14:14:37.842109+07:00,TVN income,KBS annual peer snapshot; period and scope checked; not independently verified
PEER_TVN_cashflow_HPG_20261009_141431_788024,https://kbbuddywts.kbsec.com.vn/iis-server/investment/stock/finance-info/TVN?page=1&pageSize=4&unit=1000&termtype=1&type=LCTT&termType=1&code=TVN,2026-10-09T14:14:37.946536+07:00,TVN cashflow,KBS annual peer snapshot; period and scope checked; not independently verified
PEER_NKG_balance_HPG_20261009_141431_788024,https://kbbuddywts.kbsec.com.vn/iis-server/investment/stock/finance-info/NKG?page=1&pageSize=4&unit=1000&termtype=1&type=CDKT&languageid=1,2026-10-09T14:14:35.683160+07:00,NKG balance,KBS annual peer snapshot; period and scope checked; not independently verified
PEER_NKG_income_HPG_20261009_141431_788024,https://kbbuddywts.kbsec.com.vn/iis-server/investment/stock/finance-info/NKG?page=1&pageSize=4&unit=1000&termtype=1&type=KQKD&languageid=1,2026-10-09T14:14:37.879893+07:00,NKG income,KBS annual peer snapshot; period and scope checked; not independently verified
PEER_NKG_cashflow_HPG_20261009_141431_788024,https://kbbuddywts.kbsec.com.vn/iis-server/investment/stock/finance-info/NKG?page=1&pageSize=4&unit=1000&termtype=1&type=LCTT&termType=1&code=NKG,2026-10-09T14:14:37.946536+07:00,NKG cashflow,KBS annual peer snapshot; period and scope checked; not independently verified
PEER_GDA_balance_HPG_20261009_141431_788024,https://kbbuddywts.kbsec.com.vn/iis-server/investment/stock/finance-info/GDA?page=1&pageSize=4&unit=1000&termtype=1&type=CDKT&languageid=1,2026-10-09T14:14:34.809482+07:00,GDA balance,KBS annual peer snapshot; period and scope checked; not independently verified
PEER_GDA_income_HPG_20261009_141431_788024,https://kbbuddywts.kbsec.com.vn/iis-server/investment/stock/finance-info/GDA?page=1&pageSize=4&unit=1000&termtype=1&type=KQKD&languageid=1,2026-10-09T14:14:37.840228+07:00,GDA income,KBS annual peer snapshot; period and scope checked; not independently verified
PEER_GDA_cashflow_HPG_20261009_141431_788024,https://kbbuddywts.kbsec.com.vn/iis-server/investment/stock/finance-info/GDA?page=1&pageSize=4&unit=1000&termtype=1&type=LCTT&termType=1&code=GDA,2026-10-09T14:14:38.177850+07:00,GDA cashflow,KBS annual peer snapshot; period and scope checked; not independently verified
PEER_SHI_balance_HPG_20261009_141431_788024,https://kbbuddywts.kbsec.com.vn/iis-server/investment/stock/finance-info/SHI?page=1&pageSize=4&unit=1000&termtype=1&type=CDKT&languageid=1,2026-10-09T14:14:36.044010+07:00,SHI balance,KBS annual peer snapshot; period and scope checked; not independently verified
PEER_SHI_income_HPG_20261009_141431_788024,https://kbbuddywts.kbsec.com.vn/iis-server/investment/stock/finance-info/SHI?page=1&pageSize=4&unit=1000&termtype=1&type=KQKD&languageid=1,2026-10-09T14:14:38.106255+07:00,SHI income,KBS annual peer snapshot; period and scope checked; not independently verified
PEER_SHI_cashflow_HPG_20261009_141431_788024,https://kbbuddywts.kbsec.com.vn/iis-server/investment/stock/finance-info/SHI?page=1&pageSize=4&unit=1000&termtype=1&type=LCTT&termType=1&code=SHI,2026-10-09T14:14:38.179930+07:00,SHI cashflow,KBS annual peer snapshot; period and scope checked; not independently verified
YAHOO_FPT_20261009_141439_727255,https://query1.finance.yahoo.com/v8/finance/chart/FPT.VN?period1=1759942800&period2=1791478800&interval=1d&events=div%2Csplits,2026-10-09T14:14:40.074415+07:00,chart.indicators.quote,Raw snapshot: data/raw/prices/FPT_20261009_141439_727255.json; VND; adjustment basis unverified
KBS_balance_FPT_20261009_141439_727255,https://kbbuddywts.kbsec.com.vn/iis-server/investment/stock/finance-info/FPT?page=1&pageSize=4&unit=1000&termtype=1&type=CDKT&languageid=1,2026-10-09T14:14:40.682744+07:00,balance,Financial monetary values requested in thousand VND; EPS in VND/share
KBS_cashflow_FPT_20261009_141439_727255,https://kbbuddywts.kbsec.com.vn/iis-server/investment/stock/finance-info/FPT?page=1&pageSize=4&unit=1000&termtype=1&type=LCTT&termType=1&code=FPT,2026-10-09T14:14:40.640786+07:00,cashflow,Financial monetary values requested in thousand VND; EPS in VND/share
KBS_income_FPT_20261009_141439_727255,https://kbbuddywts.kbsec.com.vn/iis-server/investment/stock/finance-info/FPT?page=1&pageSize=4&unit=1000&termtype=1&type=KQKD&languageid=1,2026-10-09T14:14:40.495363+07:00,income,Financial monetary values requested in thousand VND; EPS in VND/share
KBS_news_FPT_20261009_141439_727255,https://kbbuddywts.kbsec.com.vn/iis-server/investment/stockinfo/news/FPT?l=1&p=1&s=12,2026-10-09T14:14:40.279610+07:00,news,Public source snapshot
KBS_price_check_FPT_20261009_141439_727255,https://kbbuddywts.kbsec.com.vn/iis-server/investment/stocks/FPT/data_day?sdate=24-08-2026&edate=08-10-2026,2026-10-09T14:14:40.279610+07:00,price_check,Public source snapshot
KBS_profile_FPT_20261009_141439_727255,https://kbbuddywts.kbsec.com.vn/iis-server/investment/stockinfo/profile/FPT?l=1,2026-10-09T14:14:40.336611+07:00,profile,Public source snapshot
MINER_balance_FPT_20261009_141439_727255,https://raw.githubusercontent.com/Tumiqa/vn-annual-report-miner/afa208bcf8c24a2b7eb5a1fd446084e376e8838a/src/arminer/data/bctc_data/balance_sheet/HSX.parquet,2026-10-09T13:57:46.163484+07:00,HSX/balance_sheet: FPT,Pinned afa208bcf8c24a2b7eb5a1fd446084e376e8838a; SHA256 11614209b73b90dec64a7e749db8ed65b0a40e865cb79a1d6e09187dba0972ba; reference only; publication/unit/scope not certified
MINER_income_FPT_20261009_141439_727255,https://raw.githubusercontent.com/Tumiqa/vn-annual-report-miner/afa208bcf8c24a2b7eb5a1fd446084e376e8838a/src/arminer/data/bctc_data/income_statement/HSX.parquet,2026-10-09T13:57:47.742202+07:00,HSX/income_statement: FPT,Pinned afa208bcf8c24a2b7eb5a1fd446084e376e8838a; SHA256 5c9c7061440150930caf84ef74f4390bdb6d70e1eb6bf55153cf2161e625c609; reference only; publication/unit/scope not certified
MINER_cashflow_FPT_20261009_141439_727255,https://raw.githubusercontent.com/Tumiqa/vn-annual-report-miner/afa208bcf8c24a2b7eb5a1fd446084e376e8838a/src/arminer/data/bctc_data/cash_flow/HSX.parquet,2026-10-09T13:57:48.776969+07:00,HSX/cash_flow: FPT,Pinned afa208bcf8c24a2b7eb5a1fd446084e376e8838a; SHA256 e4420f10ca57170de85c1ad2c2c6991ac64c11a2f326a5cc4a90263308625b16; reference only; publication/unit/scope not certified
MINER_catalog_FPT_20261009_141439_727255,https://raw.githubusercontent.com/Tumiqa/vn-annual-report-miner/afa208bcf8c24a2b7eb5a1fd446084e376e8838a/data/zenodo_catalog/file_index_full.csv,2026-10-09T13:57:49.970406+07:00,Annual-report catalog: FPT; original catalog release 2026-06-27,Pinned afa208bcf8c24a2b7eb5a1fd446084e376e8838a; SHA256 9d9d469900c5c9657c636d8785b1308eb5e650585f169e4716eb1415f55bfd7c; reference only; publication/unit/scope not certified
ZENODO_PDF_FPT_20261009_141439_727255,https://cafef1.mediacdn.vn/Images/Uploaded/DuLieuDownload/BCTC/FPT_25CN_BCTN.pdf,2026-10-09T14:14:41.883223+07:00,FPT/FPT_25CN_BCTN.pdf,local_cache_checked_sha256; downloaded_at=2026-10-09T14:11:01.873850+07:00; catalog=https://zenodo.org/records/20949551; SHA256 verified 5ea9b229656594f65e858ff7465ec600332fd623c501ce27d5b95de098275a35; report year 2025; original publication/scope not certified
NSO_FPT_20261009_141439_727255_0,https://www.nso.gov.vn/bai-top/2026/10/bao-cao-tinh-hinh-kinh-te-xa-hoi-quy-iii-va-9-thang-nam-2026/,2026-10-09T14:14:44.167733+07:00,Báo cáo tình hình kinh tế - xã hội quý III và 9 tháng năm 2026,NSO; published 2026-10-03; reference 9/2026; raw NSO_FPT_20261009_141439_727255_0.html
WDI_cpi_annual_FPT_20261009_141439_727255,https://api.worldbank.org/v2/country/VNM/indicator/FP.CPI.TOTL.ZG?format=json&per_page=20,2026-10-09T14:14:44.444005+07:00,cpi_annual,World Bank WDI annual; lastupdated not first release; historical/stale observations labeled
WDI_fx_annual_FPT_20261009_141439_727255,https://api.worldbank.org/v2/country/VNM/indicator/PA.NUS.FCRF?format=json&per_page=20,2026-10-09T14:14:44.486940+07:00,fx_annual,World Bank WDI annual; lastupdated not first release; historical/stale observations labeled
WDI_gdp_annual_FPT_20261009_141439_727255,https://api.worldbank.org/v2/country/VNM/indicator/NY.GDP.MKTP.KD.ZG?format=json&per_page=20,2026-10-09T14:14:44.475677+07:00,gdp_annual,World Bank WDI annual; lastupdated not first release; historical/stale observations labeled
WDI_lending_annual_FPT_20261009_141439_727255,https://api.worldbank.org/v2/country/VNM/indicator/FR.INR.LEND?format=json&per_page=20,2026-10-09T14:14:44.459439+07:00,lending_annual,World Bank WDI annual; lastupdated not first release; historical/stale observations labeled
SECTOR_9537_FPT_20261009_141439_727255,https://iq.vietcap.com.vn/api/iq-insight-service/v2/company/search-bar?language=1,2026-10-09T13:18:36.327423+07:00,Vietcap ICB; level 2; code 9500; Công nghệ Thông tin,Vietcap ICB; cache_under_1h; current classification; ratings/targets/intraday quote fields excluded
PEER_SGT_balance_FPT_20261009_141439_727255,https://kbbuddywts.kbsec.com.vn/iis-server/investment/stock/finance-info/SGT?page=1&pageSize=4&unit=1000&termtype=1&type=CDKT&languageid=1,2026-10-09T14:14:43.075896+07:00,SGT balance,KBS annual peer snapshot; period and scope checked; not independently verified
PEER_SGT_income_FPT_20261009_141439_727255,https://kbbuddywts.kbsec.com.vn/iis-server/investment/stock/finance-info/SGT?page=1&pageSize=4&unit=1000&termtype=1&type=KQKD&languageid=1,2026-10-09T14:14:44.467155+07:00,SGT income,KBS annual peer snapshot; period and scope checked; not independently verified
PEER_SGT_cashflow_FPT_20261009_141439_727255,https://kbbuddywts.kbsec.com.vn/iis-server/investment/stock/finance-info/SGT?page=1&pageSize=4&unit=1000&termtype=1&type=LCTT&termType=1&code=SGT,2026-10-09T14:14:44.502350+07:00,SGT cashflow,KBS annual peer snapshot; period and scope checked; not independently verified
PEER_SAM_balance_FPT_20261009_141439_727255,https://kbbuddywts.kbsec.com.vn/iis-server/investment/stock/finance-info/SAM?page=1&pageSize=4&unit=1000&termtype=1&type=CDKT&languageid=1,2026-10-09T14:14:43.834185+07:00,SAM balance,KBS annual peer snapshot; period and scope checked; not independently verified
PEER_SAM_income_FPT_20261009_141439_727255,https://kbbuddywts.kbsec.com.vn/iis-server/investment/stock/finance-info/SAM?page=1&pageSize=4&unit=1000&termtype=1&type=KQKD&languageid=1,2026-10-09T14:14:44.473306+07:00,SAM income,KBS annual peer snapshot; period and scope checked; not independently verified
PEER_SAM_cashflow_FPT_20261009_141439_727255,https://kbbuddywts.kbsec.com.vn/iis-server/investment/stock/finance-info/SAM?page=1&pageSize=4&unit=1000&termtype=1&type=LCTT&termType=1&code=SAM,2026-10-09T14:14:44.534352+07:00,SAM cashflow,KBS annual peer snapshot; period and scope checked; not independently verified
PEER_ELC_balance_FPT_20261009_141439_727255,https://kbbuddywts.kbsec.com.vn/iis-server/investment/stock/finance-info/ELC?page=1&pageSize=4&unit=1000&termtype=1&type=CDKT&languageid=1,2026-10-09T14:14:43.508047+07:00,ELC balance,KBS annual peer snapshot; period and scope checked; not independently verified
PEER_ELC_income_FPT_20261009_141439_727255,https://kbbuddywts.kbsec.com.vn/iis-server/investment/stock/finance-info/ELC?page=1&pageSize=4&unit=1000&termtype=1&type=KQKD&languageid=1,2026-10-09T14:14:44.486940+07:00,ELC income,KBS annual peer snapshot; period and scope checked; not independently verified
PEER_ELC_cashflow_FPT_20261009_141439_727255,https://kbbuddywts.kbsec.com.vn/iis-server/investment/stock/finance-info/ELC?page=1&pageSize=4&unit=1000&termtype=1&type=LCTT&termType=1&code=ELC,2026-10-09T14:14:44.744074+07:00,ELC cashflow,KBS annual peer snapshot; period and scope checked; not independently verified
PEER_VEC_balance_FPT_20261009_141439_727255,https://kbbuddywts.kbsec.com.vn/iis-server/investment/stock/finance-info/VEC?page=1&pageSize=4&unit=1000&termtype=1&type=CDKT&languageid=1,2026-10-09T14:14:44.202425+07:00,VEC balance,KBS annual peer snapshot; period and scope checked; not independently verified
PEER_VEC_income_FPT_20261009_141439_727255,https://kbbuddywts.kbsec.com.vn/iis-server/investment/stock/finance-info/VEC?page=1&pageSize=4&unit=1000&termtype=1&type=KQKD&languageid=1,2026-10-09T14:14:44.690140+07:00,VEC income,KBS annual peer snapshot; period and scope checked; not independently verified
PEER_VEC_cashflow_FPT_20261009_141439_727255,https://kbbuddywts.kbsec.com.vn/iis-server/investment/stock/finance-info/VEC?page=1&pageSize=4&unit=1000&termtype=1&type=LCTT&termType=1&code=VEC,2026-10-09T14:14:44.716946+07:00,VEC cashflow,KBS annual peer snapshot; period and scope checked; not independently verified
YAHOO_HPG_20261009_141749_031374,https://query1.finance.yahoo.com/v8/finance/chart/HPG.VN?period1=1759942800&period2=1791478800&interval=1d&events=div%2Csplits,2026-10-09T14:17:49.473563+07:00,chart.indicators.quote,Raw snapshot: data/raw/prices/HPG_20261009_141749_031374.json; VND; adjustment basis unverified
HPG_9a2881a88ac8ca4c,data/raw/documents/20260828-hpg-bctc-hop-nhat-soat-xet-6-thang-2026-va-giai-trinh-1-2.pdf,2026-10-09T14:17:49.741958+07:00,whole PDF; metrics not extracted,Báo cáo tài chính hợp nhất soát xét 6 tháng 2026; published_at=2026-08-28; mode=local_cache_checked_sha256; source_url=https://file.hoaphat.com.vn/hoaphat-com-vn/2026/08/20260828-hpg-bctc-hop-nhat-soat-xet-6-thang-2026-va-giai-trinh-1-2.pdf; listing=https://www.hoaphat.com.vn/quan-he-co-dong/bao-cao-tai-chinh
HPG_1f5c4b14f867d268,data/raw/documents/20260730-hpg-bctc-hop-nhat-quy-2-2026-va-giai-trinh.pdf,2026-10-09T14:17:49.776513+07:00,whole PDF; metrics not extracted,Báo cáo tài chính hợp nhất Quý II/2026; published_at=2026-07-30; mode=local_cache_checked_sha256; source_url=https://file.hoaphat.com.vn/hoaphat-com-vn/2026/07/20260730-hpg-bctc-hop-nhat-quy-2-2026-va-giai-trinh.pdf; listing=https://www.hoaphat.com.vn/quan-he-co-dong/bao-cao-tai-chinh
KBS_balance_HPG_20261009_141749_031374,https://kbbuddywts.kbsec.com.vn/iis-server/investment/stock/finance-info/HPG?page=1&pageSize=4&unit=1000&termtype=1&type=CDKT&languageid=1,2026-10-09T14:17:50.373895+07:00,balance,Financial monetary values requested in thousand VND; EPS in VND/share
KBS_cashflow_HPG_20261009_141749_031374,https://kbbuddywts.kbsec.com.vn/iis-server/investment/stock/finance-info/HPG?page=1&pageSize=4&unit=1000&termtype=1&type=LCTT&termType=1&code=HPG,2026-10-09T14:17:50.265827+07:00,cashflow,Financial monetary values requested in thousand VND; EPS in VND/share
KBS_income_HPG_20261009_141749_031374,https://kbbuddywts.kbsec.com.vn/iis-server/investment/stock/finance-info/HPG?page=1&pageSize=4&unit=1000&termtype=1&type=KQKD&languageid=1,2026-10-09T14:17:50.159599+07:00,income,Financial monetary values requested in thousand VND; EPS in VND/share
KBS_news_HPG_20261009_141749_031374,https://kbbuddywts.kbsec.com.vn/iis-server/investment/stockinfo/news/HPG?l=1&p=1&s=12,2026-10-09T14:17:49.977904+07:00,news,Public source snapshot
KBS_price_check_HPG_20261009_141749_031374,https://kbbuddywts.kbsec.com.vn/iis-server/investment/stocks/HPG/data_day?sdate=24-08-2026&edate=08-10-2026,2026-10-09T14:17:49.977904+07:00,price_check,Public source snapshot
KBS_profile_HPG_20261009_141749_031374,https://kbbuddywts.kbsec.com.vn/iis-server/investment/stockinfo/profile/HPG?l=1,2026-10-09T14:17:50.000015+07:00,profile,Public source snapshot
MINER_balance_HPG_20261009_141749_031374,https://raw.githubusercontent.com/Tumiqa/vn-annual-report-miner/afa208bcf8c24a2b7eb5a1fd446084e376e8838a/src/arminer/data/bctc_data/balance_sheet/HSX.parquet,2026-10-09T13:57:46.163484+07:00,HSX/balance_sheet: HPG,Pinned afa208bcf8c24a2b7eb5a1fd446084e376e8838a; SHA256 11614209b73b90dec64a7e749db8ed65b0a40e865cb79a1d6e09187dba0972ba; reference only; publication/unit/scope not certified
MINER_income_HPG_20261009_141749_031374,https://raw.githubusercontent.com/Tumiqa/vn-annual-report-miner/afa208bcf8c24a2b7eb5a1fd446084e376e8838a/src/arminer/data/bctc_data/income_statement/HSX.parquet,2026-10-09T13:57:47.742202+07:00,HSX/income_statement: HPG,Pinned afa208bcf8c24a2b7eb5a1fd446084e376e8838a; SHA256 5c9c7061440150930caf84ef74f4390bdb6d70e1eb6bf55153cf2161e625c609; reference only; publication/unit/scope not certified
MINER_cashflow_HPG_20261009_141749_031374,https://raw.githubusercontent.com/Tumiqa/vn-annual-report-miner/afa208bcf8c24a2b7eb5a1fd446084e376e8838a/src/arminer/data/bctc_data/cash_flow/HSX.parquet,2026-10-09T13:57:48.776969+07:00,HSX/cash_flow: HPG,Pinned afa208bcf8c24a2b7eb5a1fd446084e376e8838a; SHA256 e4420f10ca57170de85c1ad2c2c6991ac64c11a2f326a5cc4a90263308625b16; reference only; publication/unit/scope not certified
MINER_catalog_HPG_20261009_141749_031374,https://raw.githubusercontent.com/Tumiqa/vn-annual-report-miner/afa208bcf8c24a2b7eb5a1fd446084e376e8838a/data/zenodo_catalog/file_index_full.csv,2026-10-09T13:57:49.970406+07:00,Annual-report catalog: HPG; original catalog release 2026-06-27,Pinned afa208bcf8c24a2b7eb5a1fd446084e376e8838a; SHA256 9d9d469900c5c9657c636d8785b1308eb5e650585f169e4716eb1415f55bfd7c; reference only; publication/unit/scope not certified
ZENODO_PDF_HPG_20261009_141749_031374,https://zenodo.org/records/20949551,2026-10-09T14:17:51.302603+07:00,HPG/HPG_25CN_BCTN.pdf,local_cache_checked_sha256; downloaded_at=None; catalog=https://zenodo.org/records/20949551; SHA256 verified f9fb0c11f2ae20fe6c4e2dad74417876e8e5119749b7dc2d6e951d8ee0f62171; report year 2025; original publication/scope not certified
NSO_HPG_20261009_141749_031374_0,https://www.nso.gov.vn/bai-top/2026/10/bao-cao-tinh-hinh-kinh-te-xa-hoi-quy-iii-va-9-thang-nam-2026/,2026-10-09T14:17:53.771650+07:00,Báo cáo tình hình kinh tế - xã hội quý III và 9 tháng năm 2026,NSO; published 2026-10-03; reference 9/2026; raw NSO_HPG_20261009_141749_031374_0.html
WDI_cpi_annual_HPG_20261009_141749_031374,https://api.worldbank.org/v2/country/VNM/indicator/FP.CPI.TOTL.ZG?format=json&per_page=20,2026-10-09T14:17:54.135026+07:00,cpi_annual,World Bank WDI annual; lastupdated not first release; historical/stale observations labeled
WDI_fx_annual_HPG_20261009_141749_031374,https://api.worldbank.org/v2/country/VNM/indicator/PA.NUS.FCRF?format=json&per_page=20,2026-10-09T14:17:54.135026+07:00,fx_annual,World Bank WDI annual; lastupdated not first release; historical/stale observations labeled
WDI_gdp_annual_HPG_20261009_141749_031374,https://api.worldbank.org/v2/country/VNM/indicator/NY.GDP.MKTP.KD.ZG?format=json&per_page=20,2026-10-09T14:17:54.136026+07:00,gdp_annual,World Bank WDI annual; lastupdated not first release; historical/stale observations labeled
WDI_lending_annual_HPG_20261009_141749_031374,https://api.worldbank.org/v2/country/VNM/indicator/FR.INR.LEND?format=json&per_page=20,2026-10-09T14:17:54.765595+07:00,lending_annual,World Bank WDI annual; lastupdated not first release; historical/stale observations labeled
SECTOR_1757_HPG_20261009_141749_031374,https://iq.vietcap.com.vn/api/iq-insight-service/v2/company/search-bar?language=1,2026-10-09T13:18:36.327423+07:00,Vietcap ICB; level 4; code 1757; Thép và sản phẩm thép,Vietcap ICB; cache_under_1h; current classification; ratings/targets/intraday quote fields excluded
PEER_TVN_balance_HPG_20261009_141749_031374,https://kbbuddywts.kbsec.com.vn/iis-server/investment/stock/finance-info/TVN?page=1&pageSize=4&unit=1000&termtype=1&type=CDKT&languageid=1,2026-10-09T14:17:54.228359+07:00,TVN balance,KBS annual peer snapshot; period and scope checked; not independently verified
PEER_TVN_income_HPG_20261009_141749_031374,https://kbbuddywts.kbsec.com.vn/iis-server/investment/stock/finance-info/TVN?page=1&pageSize=4&unit=1000&termtype=1&type=KQKD&languageid=1,2026-10-09T14:17:54.861932+07:00,TVN income,KBS annual peer snapshot; period and scope checked; not independently verified
PEER_TVN_cashflow_HPG_20261009_141749_031374,https://kbbuddywts.kbsec.com.vn/iis-server/investment/stock/finance-info/TVN?page=1&pageSize=4&unit=1000&termtype=1&type=LCTT&termType=1&code=TVN,2026-10-09T14:17:54.908227+07:00,TVN cashflow,KBS annual peer snapshot; period and scope checked; not independently verified
PEER_NKG_balance_HPG_20261009_141749_031374,https://kbbuddywts.kbsec.com.vn/iis-server/investment/stock/finance-info/NKG?page=1&pageSize=4&unit=1000&termtype=1&type=CDKT&languageid=1,2026-10-09T14:17:52.808377+07:00,NKG balance,KBS annual peer snapshot; period and scope checked; not independently verified
PEER_NKG_income_HPG_20261009_141749_031374,https://kbbuddywts.kbsec.com.vn/iis-server/investment/stock/finance-info/NKG?page=1&pageSize=4&unit=1000&termtype=1&type=KQKD&languageid=1,2026-10-09T14:17:54.845363+07:00,NKG income,KBS annual peer snapshot; period and scope checked; not independently verified
PEER_NKG_cashflow_HPG_20261009_141749_031374,https://kbbuddywts.kbsec.com.vn/iis-server/investment/stock/finance-info/NKG?page=1&pageSize=4&unit=1000&termtype=1&type=LCTT&termType=1&code=NKG,2026-10-09T14:17:54.873221+07:00,NKG cashflow,KBS annual peer snapshot; period and scope checked; not independently verified
PEER_GDA_balance_HPG_20261009_141749_031374,https://kbbuddywts.kbsec.com.vn/iis-server/investment/stock/finance-info/GDA?page=1&pageSize=4&unit=1000&termtype=1&type=CDKT&languageid=1,2026-10-09T14:17:52.072018+07:00,GDA balance,KBS annual peer snapshot; period and scope checked; not independently verified
PEER_GDA_income_HPG_20261009_141749_031374,https://kbbuddywts.kbsec.com.vn/iis-server/investment/stock/finance-info/GDA?page=1&pageSize=4&unit=1000&termtype=1&type=KQKD&languageid=1,2026-10-09T14:17:54.845363+07:00,GDA income,KBS annual peer snapshot; period and scope checked; not independently verified
PEER_GDA_cashflow_HPG_20261009_141749_031374,https://kbbuddywts.kbsec.com.vn/iis-server/investment/stock/finance-info/GDA?page=1&pageSize=4&unit=1000&termtype=1&type=LCTT&termType=1&code=GDA,2026-10-09T14:17:55.178942+07:00,GDA cashflow,KBS annual peer snapshot; period and scope checked; not independently verified
PEER_SHI_balance_HPG_20261009_141749_031374,https://kbbuddywts.kbsec.com.vn/iis-server/investment/stock/finance-info/SHI?page=1&pageSize=4&unit=1000&termtype=1&type=CDKT&languageid=1,2026-10-09T14:17:53.168403+07:00,SHI balance,KBS annual peer snapshot; period and scope checked; not independently verified
PEER_SHI_income_HPG_20261009_141749_031374,https://kbbuddywts.kbsec.com.vn/iis-server/investment/stock/finance-info/SHI?page=1&pageSize=4&unit=1000&termtype=1&type=KQKD&languageid=1,2026-10-09T14:17:55.074375+07:00,SHI income,KBS annual peer snapshot; period and scope checked; not independently verified
PEER_SHI_cashflow_HPG_20261009_141749_031374,https://kbbuddywts.kbsec.com.vn/iis-server/investment/stock/finance-info/SHI?page=1&pageSize=4&unit=1000&termtype=1&type=LCTT&termType=1&code=SHI,2026-10-09T14:17:55.159819+07:00,SHI cashflow,KBS annual peer snapshot; period and scope checked; not independently verified
YAHOO_FPT_20261009_141756_206385,https://query1.finance.yahoo.com/v8/finance/chart/FPT.VN?period1=1759942800&period2=1791478800&interval=1d&events=div%2Csplits,2026-10-09T14:17:56.502966+07:00,chart.indicators.quote,Raw snapshot: data/raw/prices/FPT_20261009_141756_206385.json; VND; adjustment basis unverified
KBS_balance_FPT_20261009_141756_206385,https://kbbuddywts.kbsec.com.vn/iis-server/investment/stock/finance-info/FPT?page=1&pageSize=4&unit=1000&termtype=1&type=CDKT&languageid=1,2026-10-09T14:17:57.031747+07:00,balance,Financial monetary values requested in thousand VND; EPS in VND/share
KBS_cashflow_FPT_20261009_141756_206385,https://kbbuddywts.kbsec.com.vn/iis-server/investment/stock/finance-info/FPT?page=1&pageSize=4&unit=1000&termtype=1&type=LCTT&termType=1&code=FPT,2026-10-09T14:17:57.005308+07:00,cashflow,Financial monetary values requested in thousand VND; EPS in VND/share
KBS_income_FPT_20261009_141756_206385,https://kbbuddywts.kbsec.com.vn/iis-server/investment/stock/finance-info/FPT?page=1&pageSize=4&unit=1000&termtype=1&type=KQKD&languageid=1,2026-10-09T14:17:56.879868+07:00,income,Financial monetary values requested in thousand VND; EPS in VND/share
KBS_news_FPT_20261009_141756_206385,https://kbbuddywts.kbsec.com.vn/iis-server/investment/stockinfo/news/FPT?l=1&p=1&s=12,2026-10-09T14:17:56.692849+07:00,news,Public source snapshot
KBS_price_check_FPT_20261009_141756_206385,https://kbbuddywts.kbsec.com.vn/iis-server/investment/stocks/FPT/data_day?sdate=24-08-2026&edate=08-10-2026,2026-10-09T14:17:56.678041+07:00,price_check,Public source snapshot
KBS_profile_FPT_20261009_141756_206385,https://kbbuddywts.kbsec.com.vn/iis-server/investment/stockinfo/profile/FPT?l=1,2026-10-09T14:17:56.738251+07:00,profile,Public source snapshot
MINER_balance_FPT_20261009_141756_206385,https://raw.githubusercontent.com/Tumiqa/vn-annual-report-miner/afa208bcf8c24a2b7eb5a1fd446084e376e8838a/src/arminer/data/bctc_data/balance_sheet/HSX.parquet,2026-10-09T13:57:46.163484+07:00,HSX/balance_sheet: FPT,Pinned afa208bcf8c24a2b7eb5a1fd446084e376e8838a; SHA256 11614209b73b90dec64a7e749db8ed65b0a40e865cb79a1d6e09187dba0972ba; reference only; publication/unit/scope not certified
MINER_income_FPT_20261009_141756_206385,https://raw.githubusercontent.com/Tumiqa/vn-annual-report-miner/afa208bcf8c24a2b7eb5a1fd446084e376e8838a/src/arminer/data/bctc_data/income_statement/HSX.parquet,2026-10-09T13:57:47.742202+07:00,HSX/income_statement: FPT,Pinned afa208bcf8c24a2b7eb5a1fd446084e376e8838a; SHA256 5c9c7061440150930caf84ef74f4390bdb6d70e1eb6bf55153cf2161e625c609; reference only; publication/unit/scope not certified
MINER_cashflow_FPT_20261009_141756_206385,https://raw.githubusercontent.com/Tumiqa/vn-annual-report-miner/afa208bcf8c24a2b7eb5a1fd446084e376e8838a/src/arminer/data/bctc_data/cash_flow/HSX.parquet,2026-10-09T13:57:48.776969+07:00,HSX/cash_flow: FPT,Pinned afa208bcf8c24a2b7eb5a1fd446084e376e8838a; SHA256 e4420f10ca57170de85c1ad2c2c6991ac64c11a2f326a5cc4a90263308625b16; reference only; publication/unit/scope not certified
MINER_catalog_FPT_20261009_141756_206385,https://raw.githubusercontent.com/Tumiqa/vn-annual-report-miner/afa208bcf8c24a2b7eb5a1fd446084e376e8838a/data/zenodo_catalog/file_index_full.csv,2026-10-09T13:57:49.970406+07:00,Annual-report catalog: FPT; original catalog release 2026-06-27,Pinned afa208bcf8c24a2b7eb5a1fd446084e376e8838a; SHA256 9d9d469900c5c9657c636d8785b1308eb5e650585f169e4716eb1415f55bfd7c; reference only; publication/unit/scope not certified
ZENODO_PDF_FPT_20261009_141756_206385,https://cafef1.mediacdn.vn/Images/Uploaded/DuLieuDownload/BCTC/FPT_25CN_BCTN.pdf,2026-10-09T14:17:58.106598+07:00,FPT/FPT_25CN_BCTN.pdf,local_cache_checked_sha256; downloaded_at=2026-10-09T14:11:01.873850+07:00; catalog=https://zenodo.org/records/20949551; SHA256 verified 5ea9b229656594f65e858ff7465ec600332fd623c501ce27d5b95de098275a35; report year 2025; original publication/scope not certified
NSO_FPT_20261009_141756_206385_0,https://www.nso.gov.vn/bai-top/2026/10/bao-cao-tinh-hinh-kinh-te-xa-hoi-quy-iii-va-9-thang-nam-2026/,2026-10-09T14:18:00.808920+07:00,Báo cáo tình hình kinh tế - xã hội quý III và 9 tháng năm 2026,NSO; published 2026-10-03; reference 9/2026; raw NSO_FPT_20261009_141756_206385_0.html
WDI_cpi_annual_FPT_20261009_141756_206385,https://api.worldbank.org/v2/country/VNM/indicator/FP.CPI.TOTL.ZG?format=json&per_page=20,2026-10-09T14:18:02.108277+07:00,cpi_annual,World Bank WDI annual; lastupdated not first release; historical/stale observations labeled
WDI_fx_annual_FPT_20261009_141756_206385,https://api.worldbank.org/v2/country/VNM/indicator/PA.NUS.FCRF?format=json&per_page=20,2026-10-09T14:18:01.098391+07:00,fx_annual,World Bank WDI annual; lastupdated not first release; historical/stale observations labeled
WDI_gdp_annual_FPT_20261009_141756_206385,https://api.worldbank.org/v2/country/VNM/indicator/NY.GDP.MKTP.KD.ZG?format=json&per_page=20,2026-10-09T14:18:01.073970+07:00,gdp_annual,World Bank WDI annual; lastupdated not first release; historical/stale observations labeled
WDI_lending_annual_FPT_20261009_141756_206385,https://api.worldbank.org/v2/country/VNM/indicator/FR.INR.LEND?format=json&per_page=20,2026-10-09T14:18:01.089328+07:00,lending_annual,World Bank WDI annual; lastupdated not first release; historical/stale observations labeled
SECTOR_9537_FPT_20261009_141756_206385,https://iq.vietcap.com.vn/api/iq-insight-service/v2/company/search-bar?language=1,2026-10-09T13:18:36.327423+07:00,Vietcap ICB; level 2; code 9500; Công nghệ Thông tin,Vietcap ICB; cache_under_1h; current classification; ratings/targets/intraday quote fields excluded
PEER_SGT_balance_FPT_20261009_141756_206385,https://kbbuddywts.kbsec.com.vn/iis-server/investment/stock/finance-info/SGT?page=1&pageSize=4&unit=1000&termtype=1&type=CDKT&languageid=1,2026-10-09T14:17:59.476874+07:00,SGT balance,KBS annual peer snapshot; period and scope checked; not independently verified
PEER_SGT_income_FPT_20261009_141756_206385,https://kbbuddywts.kbsec.com.vn/iis-server/investment/stock/finance-info/SGT?page=1&pageSize=4&unit=1000&termtype=1&type=KQKD&languageid=1,2026-10-09T14:18:01.073970+07:00,SGT income,KBS annual peer snapshot; period and scope checked; not independently verified
PEER_SGT_cashflow_FPT_20261009_141756_206385,https://kbbuddywts.kbsec.com.vn/iis-server/investment/stock/finance-info/SGT?page=1&pageSize=4&unit=1000&termtype=1&type=LCTT&termType=1&code=SGT,2026-10-09T14:18:01.108343+07:00,SGT cashflow,KBS annual peer snapshot; period and scope checked; not independently verified
PEER_SAM_balance_FPT_20261009_141756_206385,https://kbbuddywts.kbsec.com.vn/iis-server/investment/stock/finance-info/SAM?page=1&pageSize=4&unit=1000&termtype=1&type=CDKT&languageid=1,2026-10-09T14:18:00.343665+07:00,SAM balance,KBS annual peer snapshot; period and scope checked; not independently verified
PEER_SAM_income_FPT_20261009_141756_206385,https://kbbuddywts.kbsec.com.vn/iis-server/investment/stock/finance-info/SAM?page=1&pageSize=4&unit=1000&termtype=1&type=KQKD&languageid=1,2026-10-09T14:18:01.063830+07:00,SAM income,KBS annual peer snapshot; period and scope checked; not independently verified
PEER_SAM_cashflow_FPT_20261009_141756_206385,https://kbbuddywts.kbsec.com.vn/iis-server/investment/stock/finance-info/SAM?page=1&pageSize=4&unit=1000&termtype=1&type=LCTT&termType=1&code=SAM,2026-10-09T14:18:01.108343+07:00,SAM cashflow,KBS annual peer snapshot; period and scope checked; not independently verified
PEER_ELC_balance_FPT_20261009_141756_206385,https://kbbuddywts.kbsec.com.vn/iis-server/investment/stock/finance-info/ELC?page=1&pageSize=4&unit=1000&termtype=1&type=CDKT&languageid=1,2026-10-09T14:17:59.996237+07:00,ELC balance,KBS annual peer snapshot; period and scope checked; not independently verified
PEER_ELC_income_FPT_20261009_141756_206385,https://kbbuddywts.kbsec.com.vn/iis-server/investment/stock/finance-info/ELC?page=1&pageSize=4&unit=1000&termtype=1&type=KQKD&languageid=1,2026-10-09T14:18:01.073970+07:00,ELC income,KBS annual peer snapshot; period and scope checked; not independently verified
PEER_ELC_cashflow_FPT_20261009_141756_206385,https://kbbuddywts.kbsec.com.vn/iis-server/investment/stock/finance-info/ELC?page=1&pageSize=4&unit=1000&termtype=1&type=LCTT&termType=1&code=ELC,2026-10-09T14:18:01.338105+07:00,ELC cashflow,KBS annual peer snapshot; period and scope checked; not independently verified
PEER_VEC_balance_FPT_20261009_141756_206385,https://kbbuddywts.kbsec.com.vn/iis-server/investment/stock/finance-info/VEC?page=1&pageSize=4&unit=1000&termtype=1&type=CDKT&languageid=1,2026-10-09T14:18:00.727002+07:00,VEC balance,KBS annual peer snapshot; period and scope checked; not independently verified
PEER_VEC_income_FPT_20261009_141756_206385,https://kbbuddywts.kbsec.com.vn/iis-server/investment/stock/finance-info/VEC?page=1&pageSize=4&unit=1000&termtype=1&type=KQKD&languageid=1,2026-10-09T14:18:01.267795+07:00,VEC income,KBS annual peer snapshot; period and scope checked; not independently verified
PEER_VEC_cashflow_FPT_20261009_141756_206385,https://kbbuddywts.kbsec.com.vn/iis-server/investment/stock/finance-info/VEC?page=1&pageSize=4&unit=1000&termtype=1&type=LCTT&termType=1&code=VEC,2026-10-09T14:18:01.338105+07:00,VEC cashflow,KBS annual peer snapshot; period and scope checked; not independently verified
YAHOO_VNM_20261009_141802_608221,https://query1.finance.yahoo.com/v8/finance/chart/VNM.VN?period1=1759942800&period2=1791478800&interval=1d&events=div%2Csplits,2026-10-09T14:18:02.922921+07:00,chart.indicators.quote,Raw snapshot: data/raw/prices/VNM_20261009_141802_608221.json; VND; adjustment basis unverified
KBS_balance_VNM_20261009_141802_608221,https://kbbuddywts.kbsec.com.vn/iis-server/investment/stock/finance-info/VNM?page=1&pageSize=4&unit=1000&termtype=1&type=CDKT&languageid=1,2026-10-09T14:18:03.441928+07:00,balance,Financial monetary values requested in thousand VND; EPS in VND/share
KBS_cashflow_VNM_20261009_141802_608221,https://kbbuddywts.kbsec.com.vn/iis-server/investment/stock/finance-info/VNM?page=1&pageSize=4&unit=1000&termtype=1&type=LCTT&termType=1&code=VNM,2026-10-09T14:18:03.406669+07:00,cashflow,Financial monetary values requested in thousand VND; EPS in VND/share
KBS_income_VNM_20261009_141802_608221,https://kbbuddywts.kbsec.com.vn/iis-server/investment/stock/finance-info/VNM?page=1&pageSize=4&unit=1000&termtype=1&type=KQKD&languageid=1,2026-10-09T14:18:03.305942+07:00,income,Financial monetary values requested in thousand VND; EPS in VND/share
KBS_news_VNM_20261009_141802_608221,https://kbbuddywts.kbsec.com.vn/iis-server/investment/stockinfo/news/VNM?l=1&p=1&s=12,2026-10-09T14:18:03.124333+07:00,news,Public source snapshot
KBS_price_check_VNM_20261009_141802_608221,https://kbbuddywts.kbsec.com.vn/iis-server/investment/stocks/VNM/data_day?sdate=24-08-2026&edate=08-10-2026,2026-10-09T14:18:03.124333+07:00,price_check,Public source snapshot
KBS_profile_VNM_20261009_141802_608221,https://kbbuddywts.kbsec.com.vn/iis-server/investment/stockinfo/profile/VNM?l=1,2026-10-09T14:18:03.158582+07:00,profile,Public source snapshot
MINER_balance_VNM_20261009_141802_608221,https://raw.githubusercontent.com/Tumiqa/vn-annual-report-miner/afa208bcf8c24a2b7eb5a1fd446084e376e8838a/src/arminer/data/bctc_data/balance_sheet/HSX.parquet,2026-10-09T13:57:46.163484+07:00,HSX/balance_sheet: VNM,Pinned afa208bcf8c24a2b7eb5a1fd446084e376e8838a; SHA256 11614209b73b90dec64a7e749db8ed65b0a40e865cb79a1d6e09187dba0972ba; reference only; publication/unit/scope not certified
MINER_income_VNM_20261009_141802_608221,https://raw.githubusercontent.com/Tumiqa/vn-annual-report-miner/afa208bcf8c24a2b7eb5a1fd446084e376e8838a/src/arminer/data/bctc_data/income_statement/HSX.parquet,2026-10-09T13:57:47.742202+07:00,HSX/income_statement: VNM,Pinned afa208bcf8c24a2b7eb5a1fd446084e376e8838a; SHA256 5c9c7061440150930caf84ef74f4390bdb6d70e1eb6bf55153cf2161e625c609; reference only; publication/unit/scope not certified
MINER_cashflow_VNM_20261009_141802_608221,https://raw.githubusercontent.com/Tumiqa/vn-annual-report-miner/afa208bcf8c24a2b7eb5a1fd446084e376e8838a/src/arminer/data/bctc_data/cash_flow/HSX.parquet,2026-10-09T13:57:48.776969+07:00,HSX/cash_flow: VNM,Pinned afa208bcf8c24a2b7eb5a1fd446084e376e8838a; SHA256 e4420f10ca57170de85c1ad2c2c6991ac64c11a2f326a5cc4a90263308625b16; reference only; publication/unit/scope not certified
MINER_catalog_VNM_20261009_141802_608221,https://raw.githubusercontent.com/Tumiqa/vn-annual-report-miner/afa208bcf8c24a2b7eb5a1fd446084e376e8838a/data/zenodo_catalog/file_index_full.csv,2026-10-09T13:57:49.970406+07:00,Annual-report catalog: VNM; original catalog release 2026-06-27,Pinned afa208bcf8c24a2b7eb5a1fd446084e376e8838a; SHA256 9d9d469900c5c9657c636d8785b1308eb5e650585f169e4716eb1415f55bfd7c; reference only; publication/unit/scope not certified
ZENODO_PDF_VNM_20261009_141802_608221,https://cafef1.mediacdn.vn/Images/Uploaded/DuLieuDownload/BCTC/VNM_25CN_BCTN.pdf,2026-10-09T14:18:04.202652+07:00,VNM/VNM_25CN_BCTN.pdf,local_cache_checked_sha256; downloaded_at=2026-10-09T14:11:03.507550+07:00; catalog=https://zenodo.org/records/20949551; SHA256 verified eed9e92676f7a5e8d67f6e82b6c6c32644a68012fe6cf99cd9d61d6bb783814f; report year 2025; original publication/scope not certified
NSO_VNM_20261009_141802_608221_0,https://www.nso.gov.vn/bai-top/2026/10/bao-cao-tinh-hinh-kinh-te-xa-hoi-quy-iii-va-9-thang-nam-2026/,2026-10-09T14:18:06.340465+07:00,Báo cáo tình hình kinh tế - xã hội quý III và 9 tháng năm 2026,NSO; published 2026-10-03; reference 9/2026; raw NSO_VNM_20261009_141802_608221_0.html
WDI_cpi_annual_VNM_20261009_141802_608221,https://api.worldbank.org/v2/country/VNM/indicator/FP.CPI.TOTL.ZG?format=json&per_page=20,2026-10-09T14:18:06.634359+07:00,cpi_annual,World Bank WDI annual; lastupdated not first release; historical/stale observations labeled
WDI_fx_annual_VNM_20261009_141802_608221,https://api.worldbank.org/v2/country/VNM/indicator/PA.NUS.FCRF?format=json&per_page=20,2026-10-09T14:18:09.955621+07:00,fx_annual,World Bank WDI annual; lastupdated not first release; historical/stale observations labeled
WDI_gdp_annual_VNM_20261009_141802_608221,https://api.worldbank.org/v2/country/VNM/indicator/NY.GDP.MKTP.KD.ZG?format=json&per_page=20,2026-10-09T14:18:07.441011+07:00,gdp_annual,World Bank WDI annual; lastupdated not first release; historical/stale observations labeled
WDI_lending_annual_VNM_20261009_141802_608221,https://api.worldbank.org/v2/country/VNM/indicator/FR.INR.LEND?format=json&per_page=20,2026-10-09T14:18:07.802730+07:00,lending_annual,World Bank WDI annual; lastupdated not first release; historical/stale observations labeled
SECTOR_3577_VNM_20261009_141802_608221,https://iq.vietcap.com.vn/api/iq-insight-service/v2/company/search-bar?language=1,2026-10-09T13:18:36.327423+07:00,Vietcap ICB; level 4; code 3577; Thực phẩm,Vietcap ICB; cache_under_1h; current classification; ratings/targets/intraday quote fields excluded
PEER_MCH_balance_VNM_20261009_141802_608221,https://kbbuddywts.kbsec.com.vn/iis-server/investment/stock/finance-info/MCH?page=1&pageSize=4&unit=1000&termtype=1&type=CDKT&languageid=1,2026-10-09T14:18:06.607661+07:00,MCH balance,KBS annual peer snapshot; period and scope checked; not independently verified
PEER_MCH_income_VNM_20261009_141802_608221,https://kbbuddywts.kbsec.com.vn/iis-server/investment/stock/finance-info/MCH?page=1&pageSize=4&unit=1000&termtype=1&type=KQKD&languageid=1,2026-10-09T14:18:08.149429+07:00,MCH income,KBS annual peer snapshot; period and scope checked; not independently verified
PEER_MCH_cashflow_VNM_20261009_141802_608221,https://kbbuddywts.kbsec.com.vn/iis-server/investment/stock/finance-info/MCH?page=1&pageSize=4&unit=1000&termtype=1&type=LCTT&termType=1&code=MCH,2026-10-09T14:18:08.184145+07:00,MCH cashflow,KBS annual peer snapshot; period and scope checked; not independently verified
PEER_PAN_balance_VNM_20261009_141802_608221,https://kbbuddywts.kbsec.com.vn/iis-server/investment/stock/finance-info/PAN?page=1&pageSize=4&unit=1000&termtype=1&type=CDKT&languageid=1,2026-10-09T14:18:07.045342+07:00,PAN balance,KBS annual peer snapshot; period and scope checked; not independently verified
PEER_PAN_income_VNM_20261009_141802_608221,https://kbbuddywts.kbsec.com.vn/iis-server/investment/stock/finance-info/PAN?page=1&pageSize=4&unit=1000&termtype=1&type=KQKD&languageid=1,2026-10-09T14:18:08.115355+07:00,PAN income,KBS annual peer snapshot; period and scope checked; not independently verified
PEER_PAN_cashflow_VNM_20261009_141802_608221,https://kbbuddywts.kbsec.com.vn/iis-server/investment/stock/finance-info/PAN?page=1&pageSize=4&unit=1000&termtype=1&type=LCTT&termType=1&code=PAN,2026-10-09T14:18:08.184145+07:00,PAN cashflow,KBS annual peer snapshot; period and scope checked; not independently verified
PEER_QNS_balance_VNM_20261009_141802_608221,https://kbbuddywts.kbsec.com.vn/iis-server/investment/stock/finance-info/QNS?page=1&pageSize=4&unit=1000&termtype=1&type=CDKT&languageid=1,2026-10-09T14:18:07.072985+07:00,QNS balance,KBS annual peer snapshot; period and scope checked; not independently verified
PEER_QNS_income_VNM_20261009_141802_608221,https://kbbuddywts.kbsec.com.vn/iis-server/investment/stock/finance-info/QNS?page=1&pageSize=4&unit=1000&termtype=1&type=KQKD&languageid=1,2026-10-09T14:18:08.115355+07:00,QNS income,KBS annual peer snapshot; period and scope checked; not independently verified
PEER_QNS_cashflow_VNM_20261009_141802_608221,https://kbbuddywts.kbsec.com.vn/iis-server/investment/stock/finance-info/QNS?page=1&pageSize=4&unit=1000&termtype=1&type=LCTT&termType=1&code=QNS,2026-10-09T14:18:08.379197+07:00,QNS cashflow,KBS annual peer snapshot; period and scope checked; not independently verified
PEER_KDC_balance_VNM_20261009_141802_608221,https://kbbuddywts.kbsec.com.vn/iis-server/investment/stock/finance-info/KDC?page=1&pageSize=4&unit=1000&termtype=1&type=CDKT&languageid=1,2026-10-09T14:18:06.141242+07:00,KDC balance,KBS annual peer snapshot; period and scope checked; not independently verified
PEER_KDC_income_VNM_20261009_141802_608221,https://kbbuddywts.kbsec.com.vn/iis-server/investment/stock/finance-info/KDC?page=1&pageSize=4&unit=1000&termtype=1&type=KQKD&languageid=1,2026-10-09T14:18:08.308923+07:00,KDC income,KBS annual peer snapshot; period and scope checked; not independently verified
PEER_KDC_cashflow_VNM_20261009_141802_608221,https://kbbuddywts.kbsec.com.vn/iis-server/investment/stock/finance-info/KDC?page=1&pageSize=4&unit=1000&termtype=1&type=LCTT&termType=1&code=KDC,2026-10-09T14:18:08.510709+07:00,KDC cashflow,KBS annual peer snapshot; period and scope checked; not independently verified
YAHOO_VCB_20261009_141810_593924,https://query1.finance.yahoo.com/v8/finance/chart/VCB.VN?period1=1759942800&period2=1791478800&interval=1d&events=div%2Csplits,2026-10-09T14:18:10.955121+07:00,chart.indicators.quote,Raw snapshot: data/raw/prices/VCB_20261009_141810_593924.json; VND; adjustment basis unverified
KBS_balance_VCB_20261009_141810_593924,https://kbbuddywts.kbsec.com.vn/iis-server/investment/stock/finance-info/VCB?page=1&pageSize=4&unit=1000&termtype=1&type=CDKT&languageid=1,2026-10-09T14:18:11.440393+07:00,balance,Financial monetary values requested in thousand VND; EPS in VND/share
KBS_cashflow_VCB_20261009_141810_593924,https://kbbuddywts.kbsec.com.vn/iis-server/investment/stock/finance-info/VCB?page=1&pageSize=4&unit=1000&termtype=1&type=LCTT&termType=1&code=VCB,2026-10-09T14:18:11.440393+07:00,cashflow,Financial monetary values requested in thousand VND; EPS in VND/share
KBS_income_VCB_20261009_141810_593924,https://kbbuddywts.kbsec.com.vn/iis-server/investment/stock/finance-info/VCB?page=1&pageSize=4&unit=1000&termtype=1&type=KQKD&languageid=1,2026-10-09T14:18:11.412707+07:00,income,Financial monetary values requested in thousand VND; EPS in VND/share
KBS_news_VCB_20261009_141810_593924,https://kbbuddywts.kbsec.com.vn/iis-server/investment/stockinfo/news/VCB?l=1&p=1&s=12,2026-10-09T14:18:11.148949+07:00,news,Public source snapshot
KBS_price_check_VCB_20261009_141810_593924,https://kbbuddywts.kbsec.com.vn/iis-server/investment/stocks/VCB/data_day?sdate=24-08-2026&edate=08-10-2026,2026-10-09T14:18:11.156404+07:00,price_check,Public source snapshot
KBS_profile_VCB_20261009_141810_593924,https://kbbuddywts.kbsec.com.vn/iis-server/investment/stockinfo/profile/VCB?l=1,2026-10-09T14:18:11.177116+07:00,profile,Public source snapshot
MINER_balance_VCB_20261009_141810_593924,https://raw.githubusercontent.com/Tumiqa/vn-annual-report-miner/afa208bcf8c24a2b7eb5a1fd446084e376e8838a/src/arminer/data/bctc_data/balance_sheet/HSX.parquet,2026-10-09T13:57:46.163484+07:00,HSX/balance_sheet: VCB,Pinned afa208bcf8c24a2b7eb5a1fd446084e376e8838a; SHA256 11614209b73b90dec64a7e749db8ed65b0a40e865cb79a1d6e09187dba0972ba; reference only; publication/unit/scope not certified
MINER_income_VCB_20261009_141810_593924,https://raw.githubusercontent.com/Tumiqa/vn-annual-report-miner/afa208bcf8c24a2b7eb5a1fd446084e376e8838a/src/arminer/data/bctc_data/income_statement/HSX.parquet,2026-10-09T13:57:47.742202+07:00,HSX/income_statement: VCB,Pinned afa208bcf8c24a2b7eb5a1fd446084e376e8838a; SHA256 5c9c7061440150930caf84ef74f4390bdb6d70e1eb6bf55153cf2161e625c609; reference only; publication/unit/scope not certified
MINER_cashflow_VCB_20261009_141810_593924,https://raw.githubusercontent.com/Tumiqa/vn-annual-report-miner/afa208bcf8c24a2b7eb5a1fd446084e376e8838a/src/arminer/data/bctc_data/cash_flow/HSX.parquet,2026-10-09T13:57:48.776969+07:00,HSX/cash_flow: VCB,Pinned afa208bcf8c24a2b7eb5a1fd446084e376e8838a; SHA256 e4420f10ca57170de85c1ad2c2c6991ac64c11a2f326a5cc4a90263308625b16; reference only; publication/unit/scope not certified
MINER_catalog_VCB_20261009_141810_593924,https://raw.githubusercontent.com/Tumiqa/vn-annual-report-miner/afa208bcf8c24a2b7eb5a1fd446084e376e8838a/data/zenodo_catalog/file_index_full.csv,2026-10-09T13:57:49.970406+07:00,Annual-report catalog: VCB; original catalog release 2026-06-27,Pinned afa208bcf8c24a2b7eb5a1fd446084e376e8838a; SHA256 9d9d469900c5c9657c636d8785b1308eb5e650585f169e4716eb1415f55bfd7c; reference only; publication/unit/scope not certified
ZENODO_PDF_VCB_20261009_141810_593924,https://cafef1.mediacdn.vn/Images/Uploaded/DuLieuDownload/BCTC/VCB_25CN_BCTN.pdf,2026-10-09T14:18:12.243442+07:00,VCB/VCB_25CN_BCTN.pdf,local_cache_checked_sha256; downloaded_at=2026-10-09T14:10:56.913537+07:00; catalog=https://zenodo.org/records/20949551; SHA256 verified 1c93629bcd35e99ad19221e8af38400b53e84c154b4a9f93dcbaee83a9ebaba3; report year 2025; original publication/scope not certified
NSO_VCB_20261009_141810_593924_0,https://www.nso.gov.vn/bai-top/2026/10/bao-cao-tinh-hinh-kinh-te-xa-hoi-quy-iii-va-9-thang-nam-2026/,2026-10-09T14:18:14.246083+07:00,Báo cáo tình hình kinh tế - xã hội quý III và 9 tháng năm 2026,NSO; published 2026-10-03; reference 9/2026; raw NSO_VCB_20261009_141810_593924_0.html
WDI_cpi_annual_VCB_20261009_141810_593924,https://api.worldbank.org/v2/country/VNM/indicator/FP.CPI.TOTL.ZG?format=json&per_page=20,2026-10-09T14:18:14.799222+07:00,cpi_annual,World Bank WDI annual; lastupdated not first release; historical/stale observations labeled
WDI_fx_annual_VCB_20261009_141810_593924,https://api.worldbank.org/v2/country/VNM/indicator/PA.NUS.FCRF?format=json&per_page=20,2026-10-09T14:18:14.606749+07:00,fx_annual,World Bank WDI annual; lastupdated not first release; historical/stale observations labeled
WDI_gdp_annual_VCB_20261009_141810_593924,https://api.worldbank.org/v2/country/VNM/indicator/NY.GDP.MKTP.KD.ZG?format=json&per_page=20,2026-10-09T14:18:14.974973+07:00,gdp_annual,World Bank WDI annual; lastupdated not first release; historical/stale observations labeled
WDI_lending_annual_VCB_20261009_141810_593924,https://api.worldbank.org/v2/country/VNM/indicator/FR.INR.LEND?format=json&per_page=20,2026-10-09T14:18:15.586625+07:00,lending_annual,World Bank WDI annual; lastupdated not first release; historical/stale observations labeled
SECTOR_8355_VCB_20261009_141810_593924,https://iq.vietcap.com.vn/api/iq-insight-service/v2/company/search-bar?language=1,2026-10-09T13:18:36.327423+07:00,Vietcap ICB; level 4; code 8355; Ngân hàng,Vietcap ICB; cache_under_1h; current classification; ratings/targets/intraday quote fields excluded
PEER_BID_balance_VCB_20261009_141810_593924,https://kbbuddywts.kbsec.com.vn/iis-server/investment/stock/finance-info/BID?page=1&pageSize=4&unit=1000&termtype=1&type=CDKT&languageid=1,2026-10-09T14:18:12.525002+07:00,BID balance,KBS annual peer snapshot; period and scope checked; not independently verified
PEER_BID_income_VCB_20261009_141810_593924,https://kbbuddywts.kbsec.com.vn/iis-server/investment/stock/finance-info/BID?page=1&pageSize=4&unit=1000&termtype=1&type=KQKD&languageid=1,2026-10-09T14:18:14.300162+07:00,BID income,KBS annual peer snapshot; period and scope checked; not independently verified
PEER_BID_cashflow_VCB_20261009_141810_593924,https://kbbuddywts.kbsec.com.vn/iis-server/investment/stock/finance-info/BID?page=1&pageSize=4&unit=1000&termtype=1&type=LCTT&termType=1&code=BID,2026-10-09T14:18:14.300162+07:00,BID cashflow,KBS annual peer snapshot; period and scope checked; not independently verified
PEER_CTG_balance_VCB_20261009_141810_593924,https://kbbuddywts.kbsec.com.vn/iis-server/investment/stock/finance-info/CTG?page=1&pageSize=4&unit=1000&termtype=1&type=CDKT&languageid=1,2026-10-09T14:18:12.773561+07:00,CTG balance,KBS annual peer snapshot; period and scope checked; not independently verified
PEER_CTG_income_VCB_20261009_141810_593924,https://kbbuddywts.kbsec.com.vn/iis-server/investment/stock/finance-info/CTG?page=1&pageSize=4&unit=1000&termtype=1&type=KQKD&languageid=1,2026-10-09T14:18:17.312478+07:00,CTG income,KBS annual peer snapshot; period and scope checked; not independently verified
PEER_CTG_cashflow_VCB_20261009_141810_593924,https://kbbuddywts.kbsec.com.vn/iis-server/investment/stock/finance-info/CTG?page=1&pageSize=4&unit=1000&termtype=1&type=LCTT&termType=1&code=CTG,2026-10-09T14:18:17.377609+07:00,CTG cashflow,KBS annual peer snapshot; period and scope checked; not independently verified
PEER_MBB_balance_VCB_20261009_141810_593924,https://kbbuddywts.kbsec.com.vn/iis-server/investment/stock/finance-info/MBB?page=1&pageSize=4&unit=1000&termtype=1&type=CDKT&languageid=1,2026-10-09T14:18:13.105703+07:00,MBB balance,KBS annual peer snapshot; period and scope checked; not independently verified
PEER_MBB_cashflow_VCB_20261009_141810_593924,https://kbbuddywts.kbsec.com.vn/iis-server/investment/stock/finance-info/MBB?page=1&pageSize=4&unit=1000&termtype=1&type=LCTT&termType=1&code=MBB,2026-10-09T14:18:14.575458+07:00,MBB cashflow,KBS annual peer snapshot; period and scope checked; not independently verified
PEER_MBB_income_VCB_20261009_141810_593924,https://kbbuddywts.kbsec.com.vn/iis-server/investment/stock/finance-info/MBB?page=1&pageSize=4&unit=1000&termtype=1&type=KQKD&languageid=1,2026-10-09T14:18:17.312478+07:00,MBB income,KBS annual peer snapshot; period and scope checked; not independently verified
PEER_TCB_balance_VCB_20261009_141810_593924,https://kbbuddywts.kbsec.com.vn/iis-server/investment/stock/finance-info/TCB?page=1&pageSize=4&unit=1000&termtype=1&type=CDKT&languageid=1,2026-10-09T14:18:13.676361+07:00,TCB balance,KBS annual peer snapshot; period and scope checked; not independently verified
PEER_TCB_income_VCB_20261009_141810_593924,https://kbbuddywts.kbsec.com.vn/iis-server/investment/stock/finance-info/TCB?page=1&pageSize=4&unit=1000&termtype=1&type=KQKD&languageid=1,2026-10-09T14:18:14.509587+07:00,TCB income,KBS annual peer snapshot; period and scope checked; not independently verified
PEER_TCB_cashflow_VCB_20261009_141810_593924,https://kbbuddywts.kbsec.com.vn/iis-server/investment/stock/finance-info/TCB?page=1&pageSize=4&unit=1000&termtype=1&type=LCTT&termType=1&code=TCB,2026-10-09T14:18:14.774695+07:00,TCB cashflow,KBS annual peer snapshot; period and scope checked; not independently verified
YAHOO_SSI_20261009_141817_412007,https://query1.finance.yahoo.com/v8/finance/chart/SSI.VN?period1=1759942800&period2=1791478800&interval=1d&events=div%2Csplits,2026-10-09T14:18:17.711202+07:00,chart.indicators.quote,Raw snapshot: data/raw/prices/SSI_20261009_141817_412007.json; VND; adjustment basis unverified
KBS_balance_SSI_20261009_141817_412007,https://kbbuddywts.kbsec.com.vn/iis-server/investment/stock/finance-info/SSI?page=1&pageSize=4&unit=1000&termtype=1&type=CDKT&languageid=1,2026-10-09T14:18:18.298230+07:00,balance,Financial monetary values requested in thousand VND; EPS in VND/share
KBS_cashflow_SSI_20261009_141817_412007,https://kbbuddywts.kbsec.com.vn/iis-server/investment/stock/finance-info/SSI?page=1&pageSize=4&unit=1000&termtype=1&type=LCTT&termType=1&code=SSI,2026-10-09T14:18:18.429271+07:00,cashflow,Financial monetary values requested in thousand VND; EPS in VND/share
KBS_income_SSI_20261009_141817_412007,https://kbbuddywts.kbsec.com.vn/iis-server/investment/stock/finance-info/SSI?page=1&pageSize=4&unit=1000&termtype=1&type=KQKD&languageid=1,2026-10-09T14:18:18.239384+07:00,income,Financial monetary values requested in thousand VND; EPS in VND/share
KBS_news_SSI_20261009_141817_412007,https://kbbuddywts.kbsec.com.vn/iis-server/investment/stockinfo/news/SSI?l=1&p=1&s=12,2026-10-09T14:18:17.912755+07:00,news,Public source snapshot
KBS_price_check_SSI_20261009_141817_412007,https://kbbuddywts.kbsec.com.vn/iis-server/investment/stocks/SSI/data_day?sdate=24-08-2026&edate=08-10-2026,2026-10-09T14:18:17.912755+07:00,price_check,Public source snapshot
KBS_profile_SSI_20261009_141817_412007,https://kbbuddywts.kbsec.com.vn/iis-server/investment/stockinfo/profile/SSI?l=1,2026-10-09T14:18:17.967997+07:00,profile,Public source snapshot
MINER_balance_SSI_20261009_141817_412007,https://raw.githubusercontent.com/Tumiqa/vn-annual-report-miner/afa208bcf8c24a2b7eb5a1fd446084e376e8838a/src/arminer/data/bctc_data/balance_sheet/HSX.parquet,2026-10-09T13:57:46.163484+07:00,HSX/balance_sheet: SSI,Pinned afa208bcf8c24a2b7eb5a1fd446084e376e8838a; SHA256 11614209b73b90dec64a7e749db8ed65b0a40e865cb79a1d6e09187dba0972ba; reference only; publication/unit/scope not certified
MINER_income_SSI_20261009_141817_412007,https://raw.githubusercontent.com/Tumiqa/vn-annual-report-miner/afa208bcf8c24a2b7eb5a1fd446084e376e8838a/src/arminer/data/bctc_data/income_statement/HSX.parquet,2026-10-09T13:57:47.742202+07:00,HSX/income_statement: SSI,Pinned afa208bcf8c24a2b7eb5a1fd446084e376e8838a; SHA256 5c9c7061440150930caf84ef74f4390bdb6d70e1eb6bf55153cf2161e625c609; reference only; publication/unit/scope not certified
MINER_cashflow_SSI_20261009_141817_412007,https://raw.githubusercontent.com/Tumiqa/vn-annual-report-miner/afa208bcf8c24a2b7eb5a1fd446084e376e8838a/src/arminer/data/bctc_data/cash_flow/HSX.parquet,2026-10-09T13:57:48.776969+07:00,HSX/cash_flow: SSI,Pinned afa208bcf8c24a2b7eb5a1fd446084e376e8838a; SHA256 e4420f10ca57170de85c1ad2c2c6991ac64c11a2f326a5cc4a90263308625b16; reference only; publication/unit/scope not certified
MINER_catalog_SSI_20261009_141817_412007,https://raw.githubusercontent.com/Tumiqa/vn-annual-report-miner/afa208bcf8c24a2b7eb5a1fd446084e376e8838a/data/zenodo_catalog/file_index_full.csv,2026-10-09T13:57:49.970406+07:00,Annual-report catalog: SSI; original catalog release 2026-06-27,Pinned afa208bcf8c24a2b7eb5a1fd446084e376e8838a; SHA256 9d9d469900c5c9657c636d8785b1308eb5e650585f169e4716eb1415f55bfd7c; reference only; publication/unit/scope not certified
ZENODO_PDF_SSI_20261009_141817_412007,https://cafef1.mediacdn.vn/Images/Uploaded/DuLieuDownload/BCTC/SSI_25CN_BCTN.pdf,2026-10-09T14:18:18.909451+07:00,SSI/SSI_25CN_BCTN.pdf,local_cache_checked_sha256; downloaded_at=2026-10-09T14:10:58.077979+07:00; catalog=https://zenodo.org/records/20949551; SHA256 verified fb04cbaa7c9f8f5bc183539821d6f4d0b563ad225e992078b6f8e4726f7b7592; report year 2025; original publication/scope not certified
NSO_SSI_20261009_141817_412007_0,https://www.nso.gov.vn/bai-top/2026/10/bao-cao-tinh-hinh-kinh-te-xa-hoi-quy-iii-va-9-thang-nam-2026/,2026-10-09T14:18:21.244818+07:00,Báo cáo tình hình kinh tế - xã hội quý III và 9 tháng năm 2026,NSO; published 2026-10-03; reference 9/2026; raw NSO_SSI_20261009_141817_412007_0.html
WDI_cpi_annual_SSI_20261009_141817_412007,https://api.worldbank.org/v2/country/VNM/indicator/FP.CPI.TOTL.ZG?format=json&per_page=20,2026-10-09T14:18:21.539795+07:00,cpi_annual,World Bank WDI annual; lastupdated not first release; historical/stale observations labeled
WDI_fx_annual_SSI_20261009_141817_412007,https://api.worldbank.org/v2/country/VNM/indicator/PA.NUS.FCRF?format=json&per_page=20,2026-10-09T14:18:22.559213+07:00,fx_annual,World Bank WDI annual; lastupdated not first release; historical/stale observations labeled
WDI_gdp_annual_SSI_20261009_141817_412007,https://api.worldbank.org/v2/country/VNM/indicator/NY.GDP.MKTP.KD.ZG?format=json&per_page=20,2026-10-09T14:18:21.543797+07:00,gdp_annual,World Bank WDI annual; lastupdated not first release; historical/stale observations labeled
WDI_lending_annual_SSI_20261009_141817_412007,https://api.worldbank.org/v2/country/VNM/indicator/FR.INR.LEND?format=json&per_page=20,2026-10-09T14:18:21.508904+07:00,lending_annual,World Bank WDI annual; lastupdated not first release; historical/stale observations labeled
SECTOR_8777_SSI_20261009_141817_412007,https://iq.vietcap.com.vn/api/iq-insight-service/v2/company/search-bar?language=1,2026-10-09T13:18:36.327423+07:00,Vietcap ICB; level 4; code 8777; Môi giới chứng khoán,Vietcap ICB; cache_under_1h; current classification; ratings/targets/intraday quote fields excluded
PEER_VCK_balance_SSI_20261009_141817_412007,https://kbbuddywts.kbsec.com.vn/iis-server/investment/stock/finance-info/VCK?page=1&pageSize=4&unit=1000&termtype=1&type=CDKT&languageid=1,2026-10-09T14:18:21.691440+07:00,VCK balance,KBS annual peer snapshot; period and scope checked; not independently verified
PEER_VCK_income_SSI_20261009_141817_412007,https://kbbuddywts.kbsec.com.vn/iis-server/investment/stock/finance-info/VCK?page=1&pageSize=4&unit=1000&termtype=1&type=KQKD&languageid=1,2026-10-09T14:18:22.636144+07:00,VCK income,KBS annual peer snapshot; period and scope checked; not independently verified
PEER_VCK_cashflow_SSI_20261009_141817_412007,https://kbbuddywts.kbsec.com.vn/iis-server/investment/stock/finance-info/VCK?page=1&pageSize=4&unit=1000&termtype=1&type=LCTT&termType=1&code=VCK,2026-10-09T14:18:22.742148+07:00,VCK cashflow,KBS annual peer snapshot; period and scope checked; not independently verified
PEER_TVS_balance_SSI_20261009_141817_412007,https://kbbuddywts.kbsec.com.vn/iis-server/investment/stock/finance-info/TVS?page=1&pageSize=4&unit=1000&termtype=1&type=CDKT&languageid=1,2026-10-09T14:18:21.630810+07:00,TVS balance,KBS annual peer snapshot; period and scope checked; not independently verified
PEER_TVS_income_SSI_20261009_141817_412007,https://kbbuddywts.kbsec.com.vn/iis-server/investment/stock/finance-info/TVS?page=1&pageSize=4&unit=1000&termtype=1&type=KQKD&languageid=1,2026-10-09T14:18:22.612619+07:00,TVS income,KBS annual peer snapshot; period and scope checked; not independently verified
PEER_TVS_cashflow_SSI_20261009_141817_412007,https://kbbuddywts.kbsec.com.vn/iis-server/investment/stock/finance-info/TVS?page=1&pageSize=4&unit=1000&termtype=1&type=LCTT&termType=1&code=TVS,2026-10-09T14:18:22.704354+07:00,TVS cashflow,KBS annual peer snapshot; period and scope checked; not independently verified
PEER_VDS_balance_SSI_20261009_141817_412007,https://kbbuddywts.kbsec.com.vn/iis-server/investment/stock/finance-info/VDS?page=1&pageSize=4&unit=1000&termtype=1&type=CDKT&languageid=1,2026-10-09T14:18:21.696277+07:00,VDS balance,KBS annual peer snapshot; period and scope checked; not independently verified
PEER_VDS_income_SSI_20261009_141817_412007,https://kbbuddywts.kbsec.com.vn/iis-server/investment/stock/finance-info/VDS?page=1&pageSize=4&unit=1000&termtype=1&type=KQKD&languageid=1,2026-10-09T14:18:22.631180+07:00,VDS income,KBS annual peer snapshot; period and scope checked; not independently verified
PEER_VDS_cashflow_SSI_20261009_141817_412007,https://kbbuddywts.kbsec.com.vn/iis-server/investment/stock/finance-info/VDS?page=1&pageSize=4&unit=1000&termtype=1&type=LCTT&termType=1&code=VDS,2026-10-09T14:18:22.955245+07:00,VDS cashflow,KBS annual peer snapshot; period and scope checked; not independently verified
PEER_TCI_balance_SSI_20261009_141817_412007,https://kbbuddywts.kbsec.com.vn/iis-server/investment/stock/finance-info/TCI?page=1&pageSize=4&unit=1000&termtype=1&type=CDKT&languageid=1,2026-10-09T14:18:21.336556+07:00,TCI balance,KBS annual peer snapshot; period and scope checked; not independently verified
PEER_TCI_income_SSI_20261009_141817_412007,https://kbbuddywts.kbsec.com.vn/iis-server/investment/stock/finance-info/TCI?page=1&pageSize=4&unit=1000&termtype=1&type=KQKD&languageid=1,2026-10-09T14:18:22.911507+07:00,TCI income,KBS annual peer snapshot; period and scope checked; not independently verified
PEER_TCI_cashflow_SSI_20261009_141817_412007,https://kbbuddywts.kbsec.com.vn/iis-server/investment/stock/finance-info/TCI?page=1&pageSize=4&unit=1000&termtype=1&type=LCTT&termType=1&code=TCI,2026-10-09T14:18:22.989484+07:00,TCI cashflow,KBS annual peer snapshot; period and scope checked; not independently verified
YAHOO_MWG_20261009_141823_023933,https://query1.finance.yahoo.com/v8/finance/chart/MWG.VN?period1=1759942800&period2=1791478800&interval=1d&events=div%2Csplits,2026-10-09T14:18:24.029639+07:00,chart.indicators.quote,Raw snapshot: data/raw/prices/MWG_20261009_141823_023933.json; VND; adjustment basis unverified
KBS_balance_MWG_20261009_141823_023933,https://kbbuddywts.kbsec.com.vn/iis-server/investment/stock/finance-info/MWG?page=1&pageSize=4&unit=1000&termtype=1&type=CDKT&languageid=1,2026-10-09T14:18:24.603323+07:00,balance,Financial monetary values requested in thousand VND; EPS in VND/share
KBS_cashflow_MWG_20261009_141823_023933,https://kbbuddywts.kbsec.com.vn/iis-server/investment/stock/finance-info/MWG?page=1&pageSize=4&unit=1000&termtype=1&type=LCTT&termType=1&code=MWG,2026-10-09T14:18:24.524001+07:00,cashflow,Financial monetary values requested in thousand VND; EPS in VND/share
KBS_income_MWG_20261009_141823_023933,https://kbbuddywts.kbsec.com.vn/iis-server/investment/stock/finance-info/MWG?page=1&pageSize=4&unit=1000&termtype=1&type=KQKD&languageid=1,2026-10-09T14:18:24.473864+07:00,income,Financial monetary values requested in thousand VND; EPS in VND/share
KBS_news_MWG_20261009_141823_023933,https://kbbuddywts.kbsec.com.vn/iis-server/investment/stockinfo/news/MWG?l=1&p=1&s=12,2026-10-09T14:18:24.244360+07:00,news,Public source snapshot
KBS_price_check_MWG_20261009_141823_023933,https://kbbuddywts.kbsec.com.vn/iis-server/investment/stocks/MWG/data_day?sdate=24-08-2026&edate=08-10-2026,2026-10-09T14:18:24.244360+07:00,price_check,Public source snapshot
KBS_profile_MWG_20261009_141823_023933,https://kbbuddywts.kbsec.com.vn/iis-server/investment/stockinfo/profile/MWG?l=1,2026-10-09T14:18:24.244360+07:00,profile,Public source snapshot
MINER_balance_MWG_20261009_141823_023933,https://raw.githubusercontent.com/Tumiqa/vn-annual-report-miner/afa208bcf8c24a2b7eb5a1fd446084e376e8838a/src/arminer/data/bctc_data/balance_sheet/HSX.parquet,2026-10-09T13:57:46.163484+07:00,HSX/balance_sheet: MWG,Pinned afa208bcf8c24a2b7eb5a1fd446084e376e8838a; SHA256 11614209b73b90dec64a7e749db8ed65b0a40e865cb79a1d6e09187dba0972ba; reference only; publication/unit/scope not certified
MINER_income_MWG_20261009_141823_023933,https://raw.githubusercontent.com/Tumiqa/vn-annual-report-miner/afa208bcf8c24a2b7eb5a1fd446084e376e8838a/src/arminer/data/bctc_data/income_statement/HSX.parquet,2026-10-09T13:57:47.742202+07:00,HSX/income_statement: MWG,Pinned afa208bcf8c24a2b7eb5a1fd446084e376e8838a; SHA256 5c9c7061440150930caf84ef74f4390bdb6d70e1eb6bf55153cf2161e625c609; reference only; publication/unit/scope not certified
MINER_cashflow_MWG_20261009_141823_023933,https://raw.githubusercontent.com/Tumiqa/vn-annual-report-miner/afa208bcf8c24a2b7eb5a1fd446084e376e8838a/src/arminer/data/bctc_data/cash_flow/HSX.parquet,2026-10-09T13:57:48.776969+07:00,HSX/cash_flow: MWG,Pinned afa208bcf8c24a2b7eb5a1fd446084e376e8838a; SHA256 e4420f10ca57170de85c1ad2c2c6991ac64c11a2f326a5cc4a90263308625b16; reference only; publication/unit/scope not certified
MINER_catalog_MWG_20261009_141823_023933,https://raw.githubusercontent.com/Tumiqa/vn-annual-report-miner/afa208bcf8c24a2b7eb5a1fd446084e376e8838a/data/zenodo_catalog/file_index_full.csv,2026-10-09T13:57:49.970406+07:00,Annual-report catalog: MWG; original catalog release 2026-06-27,Pinned afa208bcf8c24a2b7eb5a1fd446084e376e8838a; SHA256 9d9d469900c5c9657c636d8785b1308eb5e650585f169e4716eb1415f55bfd7c; reference only; publication/unit/scope not certified
ZENODO_PDF_MWG_20261009_141823_023933,https://cafef1.mediacdn.vn/Images/Uploaded/DuLieuDownload/BCTC/MWG_25CN_BCTN.pdf,2026-10-09T14:18:25.665363+07:00,MWG/MWG_25CN_BCTN.pdf,local_cache_checked_sha256; downloaded_at=2026-10-09T14:11:04.925400+07:00; catalog=https://zenodo.org/records/20949551; SHA256 verified d986f81125cf2af44d75e7f1f06b7201984bce401af2084994502365a6340d6d; report year 2025; original publication/scope not certified
NSO_MWG_20261009_141823_023933_0,https://www.nso.gov.vn/bai-top/2026/10/bao-cao-tinh-hinh-kinh-te-xa-hoi-quy-iii-va-9-thang-nam-2026/,2026-10-09T14:18:27.855621+07:00,Báo cáo tình hình kinh tế - xã hội quý III và 9 tháng năm 2026,NSO; published 2026-10-03; reference 9/2026; raw NSO_MWG_20261009_141823_023933_0.html
WDI_cpi_annual_MWG_20261009_141823_023933,https://api.worldbank.org/v2/country/VNM/indicator/FP.CPI.TOTL.ZG?format=json&per_page=20,2026-10-09T14:18:28.174946+07:00,cpi_annual,World Bank WDI annual; lastupdated not first release; historical/stale observations labeled
WDI_fx_annual_MWG_20261009_141823_023933,https://api.worldbank.org/v2/country/VNM/indicator/PA.NUS.FCRF?format=json&per_page=20,2026-10-09T14:18:28.224454+07:00,fx_annual,World Bank WDI annual; lastupdated not first release; historical/stale observations labeled
WDI_gdp_annual_MWG_20261009_141823_023933,https://api.worldbank.org/v2/country/VNM/indicator/NY.GDP.MKTP.KD.ZG?format=json&per_page=20,2026-10-09T14:18:29.743744+07:00,gdp_annual,World Bank WDI annual; lastupdated not first release; historical/stale observations labeled
WDI_lending_annual_MWG_20261009_141823_023933,https://api.worldbank.org/v2/country/VNM/indicator/FR.INR.LEND?format=json&per_page=20,2026-10-09T14:18:29.209996+07:00,lending_annual,World Bank WDI annual; lastupdated not first release; historical/stale observations labeled
SECTOR_5379_MWG_20261009_141823_023933,https://iq.vietcap.com.vn/api/iq-insight-service/v2/company/search-bar?language=1,2026-10-09T13:18:36.327423+07:00,Vietcap ICB; level 4; code 5379; Phân phối hàng chuyên dụng,Vietcap ICB; cache_under_1h; current classification; ratings/targets/intraday quote fields excluded
PEER_FRT_balance_MWG_20261009_141823_023933,https://kbbuddywts.kbsec.com.vn/iis-server/investment/stock/finance-info/FRT?page=1&pageSize=4&unit=1000&termtype=1&type=CDKT&languageid=1,2026-10-09T14:18:26.009961+07:00,FRT balance,KBS annual peer snapshot; period and scope checked; not independently verified
PEER_FRT_income_MWG_20261009_141823_023933,https://kbbuddywts.kbsec.com.vn/iis-server/investment/stock/finance-info/FRT?page=1&pageSize=4&unit=1000&termtype=1&type=KQKD&languageid=1,2026-10-09T14:18:26.612931+07:00,FRT income,KBS annual peer snapshot; period and scope checked; not independently verified
PEER_FRT_cashflow_MWG_20261009_141823_023933,https://kbbuddywts.kbsec.com.vn/iis-server/investment/stock/finance-info/FRT?page=1&pageSize=4&unit=1000&termtype=1&type=LCTT&termType=1&code=FRT,2026-10-09T14:18:26.682207+07:00,FRT cashflow,KBS annual peer snapshot; period and scope checked; not independently verified
PEER_PET_balance_MWG_20261009_141823_023933,https://kbbuddywts.kbsec.com.vn/iis-server/investment/stock/finance-info/PET?page=1&pageSize=4&unit=1000&termtype=1&type=CDKT&languageid=1,2026-10-09T14:18:26.036787+07:00,PET balance,KBS annual peer snapshot; period and scope checked; not independently verified
PEER_PET_income_MWG_20261009_141823_023933,https://kbbuddywts.kbsec.com.vn/iis-server/investment/stock/finance-info/PET?page=1&pageSize=4&unit=1000&termtype=1&type=KQKD&languageid=1,2026-10-09T14:18:26.661651+07:00,PET income,KBS annual peer snapshot; period and scope checked; not independently verified
PEER_PET_cashflow_MWG_20261009_141823_023933,https://kbbuddywts.kbsec.com.vn/iis-server/investment/stock/finance-info/PET?page=1&pageSize=4&unit=1000&termtype=1&type=LCTT&termType=1&code=PET,2026-10-09T14:18:26.709500+07:00,PET cashflow,KBS annual peer snapshot; period and scope checked; not independently verified
PEER_DGW_balance_MWG_20261009_141823_023933,https://kbbuddywts.kbsec.com.vn/iis-server/investment/stock/finance-info/DGW?page=1&pageSize=4&unit=1000&termtype=1&type=CDKT&languageid=1,2026-10-09T14:18:26.011978+07:00,DGW balance,KBS annual peer snapshot; period and scope checked; not independently verified
PEER_DGW_income_MWG_20261009_141823_023933,https://kbbuddywts.kbsec.com.vn/iis-server/investment/stock/finance-info/DGW?page=1&pageSize=4&unit=1000&termtype=1&type=KQKD&languageid=1,2026-10-09T14:18:26.682207+07:00,DGW income,KBS annual peer snapshot; period and scope checked; not independently verified
PEER_DGW_cashflow_MWG_20261009_141823_023933,https://kbbuddywts.kbsec.com.vn/iis-server/investment/stock/finance-info/DGW?page=1&pageSize=4&unit=1000&termtype=1&type=LCTT&termType=1&code=DGW,2026-10-09T14:18:26.904311+07:00,DGW cashflow,KBS annual peer snapshot; period and scope checked; not independently verified
PEER_AST_balance_MWG_20261009_141823_023933,https://kbbuddywts.kbsec.com.vn/iis-server/investment/stock/finance-info/AST?page=1&pageSize=4&unit=1000&termtype=1&type=CDKT&languageid=1,2026-10-09T14:18:26.015322+07:00,AST balance,KBS annual peer snapshot; period and scope checked; not independently verified
PEER_AST_income_MWG_20261009_141823_023933,https://kbbuddywts.kbsec.com.vn/iis-server/investment/stock/finance-info/AST?page=1&pageSize=4&unit=1000&termtype=1&type=KQKD&languageid=1,2026-10-09T14:18:26.869578+07:00,AST income,KBS annual peer snapshot; period and scope checked; not independently verified
PEER_AST_cashflow_MWG_20261009_141823_023933,https://kbbuddywts.kbsec.com.vn/iis-server/investment/stock/finance-info/AST?page=1&pageSize=4&unit=1000&termtype=1&type=LCTT&termType=1&code=AST,2026-10-09T14:18:26.960099+07:00,AST cashflow,KBS annual peer snapshot; period and scope checked; not independently verified
YAHOO_DGC_20261009_141829_778497,https://query1.finance.yahoo.com/v8/finance/chart/DGC.VN?period1=1759942800&period2=1791478800&interval=1d&events=div%2Csplits,2026-10-09T14:18:30.778335+07:00,chart.indicators.quote,Raw snapshot: data/raw/prices/DGC_20261009_141829_778497.json; VND; adjustment basis unverified
KBS_balance_DGC_20261009_141829_778497,https://kbbuddywts.kbsec.com.vn/iis-server/investment/stock/finance-info/DGC?page=1&pageSize=4&unit=1000&termtype=1&type=CDKT&languageid=1,2026-10-09T14:18:31.372348+07:00,balance,Financial monetary values requested in thousand VND; EPS in VND/share
KBS_cashflow_DGC_20261009_141829_778497,https://kbbuddywts.kbsec.com.vn/iis-server/investment/stock/finance-info/DGC?page=1&pageSize=4&unit=1000&termtype=1&type=LCTT&termType=1&code=DGC,2026-10-09T14:18:31.280070+07:00,cashflow,Financial monetary values requested in thousand VND; EPS in VND/share
KBS_income_DGC_20261009_141829_778497,https://kbbuddywts.kbsec.com.vn/iis-server/investment/stock/finance-info/DGC?page=1&pageSize=4&unit=1000&termtype=1&type=KQKD&languageid=1,2026-10-09T14:18:31.203567+07:00,income,Financial monetary values requested in thousand VND; EPS in VND/share
KBS_news_DGC_20261009_141829_778497,https://kbbuddywts.kbsec.com.vn/iis-server/investment/stockinfo/news/DGC?l=1&p=1&s=12,2026-10-09T14:18:30.969214+07:00,news,Public source snapshot
KBS_price_check_DGC_20261009_141829_778497,https://kbbuddywts.kbsec.com.vn/iis-server/investment/stocks/DGC/data_day?sdate=24-08-2026&edate=08-10-2026,2026-10-09T14:18:30.962065+07:00,price_check,Public source snapshot
KBS_profile_DGC_20261009_141829_778497,https://kbbuddywts.kbsec.com.vn/iis-server/investment/stockinfo/profile/DGC?l=1,2026-10-09T14:18:30.962065+07:00,profile,Public source snapshot
MINER_balance_DGC_20261009_141829_778497,https://raw.githubusercontent.com/Tumiqa/vn-annual-report-miner/afa208bcf8c24a2b7eb5a1fd446084e376e8838a/src/arminer/data/bctc_data/balance_sheet/HSX.parquet,2026-10-09T13:57:46.163484+07:00,HSX/balance_sheet: DGC,Pinned afa208bcf8c24a2b7eb5a1fd446084e376e8838a; SHA256 11614209b73b90dec64a7e749db8ed65b0a40e865cb79a1d6e09187dba0972ba; reference only; publication/unit/scope not certified
MINER_income_DGC_20261009_141829_778497,https://raw.githubusercontent.com/Tumiqa/vn-annual-report-miner/afa208bcf8c24a2b7eb5a1fd446084e376e8838a/src/arminer/data/bctc_data/income_statement/HSX.parquet,2026-10-09T13:57:47.742202+07:00,HSX/income_statement: DGC,Pinned afa208bcf8c24a2b7eb5a1fd446084e376e8838a; SHA256 5c9c7061440150930caf84ef74f4390bdb6d70e1eb6bf55153cf2161e625c609; reference only; publication/unit/scope not certified
MINER_cashflow_DGC_20261009_141829_778497,https://raw.githubusercontent.com/Tumiqa/vn-annual-report-miner/afa208bcf8c24a2b7eb5a1fd446084e376e8838a/src/arminer/data/bctc_data/cash_flow/HSX.parquet,2026-10-09T13:57:48.776969+07:00,HSX/cash_flow: DGC,Pinned afa208bcf8c24a2b7eb5a1fd446084e376e8838a; SHA256 e4420f10ca57170de85c1ad2c2c6991ac64c11a2f326a5cc4a90263308625b16; reference only; publication/unit/scope not certified
MINER_catalog_DGC_20261009_141829_778497,https://raw.githubusercontent.com/Tumiqa/vn-annual-report-miner/afa208bcf8c24a2b7eb5a1fd446084e376e8838a/data/zenodo_catalog/file_index_full.csv,2026-10-09T13:57:49.970406+07:00,Annual-report catalog: DGC; original catalog release 2026-06-27,Pinned afa208bcf8c24a2b7eb5a1fd446084e376e8838a; SHA256 9d9d469900c5c9657c636d8785b1308eb5e650585f169e4716eb1415f55bfd7c; reference only; publication/unit/scope not certified
ZENODO_PDF_DGC_20261009_141829_778497,https://cafef1.mediacdn.vn/Images/Uploaded/DuLieuDownload/BCTC/DGC_25CN_BCTN.pdf,2026-10-09T14:18:31.820781+07:00,DGC/DGC_25CN_BCTN.pdf,local_cache_checked_sha256; downloaded_at=2026-10-09T14:10:59.370787+07:00; catalog=https://zenodo.org/records/20949551; SHA256 verified b3bcbbaec0107b3dd3f7841d9a7532689f5a285a3e7f8968e86f64f116f19868; report year 2025; original publication/scope not certified
NSO_DGC_20261009_141829_778497_0,https://www.nso.gov.vn/bai-top/2026/10/bao-cao-tinh-hinh-kinh-te-xa-hoi-quy-iii-va-9-thang-nam-2026/,2026-10-09T14:18:34.355889+07:00,Báo cáo tình hình kinh tế - xã hội quý III và 9 tháng năm 2026,NSO; published 2026-10-03; reference 9/2026; raw NSO_DGC_20261009_141829_778497_0.html
WDI_cpi_annual_DGC_20261009_141829_778497,https://api.worldbank.org/v2/country/VNM/indicator/FP.CPI.TOTL.ZG?format=json&per_page=20,2026-10-09T14:18:34.644040+07:00,cpi_annual,World Bank WDI annual; lastupdated not first release; historical/stale observations labeled
WDI_fx_annual_DGC_20261009_141829_778497,https://api.worldbank.org/v2/country/VNM/indicator/PA.NUS.FCRF?format=json&per_page=20,2026-10-09T14:18:34.874984+07:00,fx_annual,World Bank WDI annual; lastupdated not first release; historical/stale observations labeled
WDI_gdp_annual_DGC_20261009_141829_778497,https://api.worldbank.org/v2/country/VNM/indicator/NY.GDP.MKTP.KD.ZG?format=json&per_page=20,2026-10-09T14:18:34.646041+07:00,gdp_annual,World Bank WDI annual; lastupdated not first release; historical/stale observations labeled
WDI_lending_annual_DGC_20261009_141829_778497,https://api.worldbank.org/v2/country/VNM/indicator/FR.INR.LEND?format=json&per_page=20,2026-10-09T14:18:35.278111+07:00,lending_annual,World Bank WDI annual; lastupdated not first release; historical/stale observations labeled
SECTOR_1357_DGC_20261009_141829_778497,https://iq.vietcap.com.vn/api/iq-insight-service/v2/company/search-bar?language=1,2026-10-09T13:18:36.327423+07:00,"Vietcap ICB; level 4; code 1357; Sản phẩm hóa dầu, Nông dược & Hóa chất khác",Vietcap ICB; cache_under_1h; current classification; ratings/targets/intraday quote fields excluded
PEER_DPM_balance_DGC_20261009_141829_778497,https://kbbuddywts.kbsec.com.vn/iis-server/investment/stock/finance-info/DPM?page=1&pageSize=4&unit=1000&termtype=1&type=CDKT&languageid=1,2026-10-09T14:18:32.875522+07:00,DPM balance,KBS annual peer snapshot; period and scope checked; not independently verified
PEER_DPM_income_DGC_20261009_141829_778497,https://kbbuddywts.kbsec.com.vn/iis-server/investment/stock/finance-info/DPM?page=1&pageSize=4&unit=1000&termtype=1&type=KQKD&languageid=1,2026-10-09T14:18:35.087262+07:00,DPM income,KBS annual peer snapshot; period and scope checked; not independently verified
PEER_DPM_cashflow_DGC_20261009_141829_778497,https://kbbuddywts.kbsec.com.vn/iis-server/investment/stock/finance-info/DPM?page=1&pageSize=4&unit=1000&termtype=1&type=LCTT&termType=1&code=DPM,2026-10-09T14:18:35.145391+07:00,DPM cashflow,KBS annual peer snapshot; period and scope checked; not independently verified
PEER_DCM_balance_DGC_20261009_141829_778497,https://kbbuddywts.kbsec.com.vn/iis-server/investment/stock/finance-info/DCM?page=1&pageSize=4&unit=1000&termtype=1&type=CDKT&languageid=1,2026-10-09T14:18:32.482076+07:00,DCM balance,KBS annual peer snapshot; period and scope checked; not independently verified
PEER_DCM_income_DGC_20261009_141829_778497,https://kbbuddywts.kbsec.com.vn/iis-server/investment/stock/finance-info/DCM?page=1&pageSize=4&unit=1000&termtype=1&type=KQKD&languageid=1,2026-10-09T14:18:35.076559+07:00,DCM income,KBS annual peer snapshot; period and scope checked; not independently verified
PEER_DCM_cashflow_DGC_20261009_141829_778497,https://kbbuddywts.kbsec.com.vn/iis-server/investment/stock/finance-info/DCM?page=1&pageSize=4&unit=1000&termtype=1&type=LCTT&termType=1&code=DCM,2026-10-09T14:18:35.145884+07:00,DCM cashflow,KBS annual peer snapshot; period and scope checked; not independently verified
PEER_PLC_balance_DGC_20261009_141829_778497,https://kbbuddywts.kbsec.com.vn/iis-server/investment/stock/finance-info/PLC?page=1&pageSize=4&unit=1000&termtype=1&type=CDKT&languageid=1,2026-10-09T14:18:33.470300+07:00,PLC balance,KBS annual peer snapshot; period and scope checked; not independently verified
PEER_PLC_income_DGC_20261009_141829_778497,https://kbbuddywts.kbsec.com.vn/iis-server/investment/stock/finance-info/PLC?page=1&pageSize=4&unit=1000&termtype=1&type=KQKD&languageid=1,2026-10-09T14:18:35.087262+07:00,PLC income,KBS annual peer snapshot; period and scope checked; not independently verified
PEER_PLC_cashflow_DGC_20261009_141829_778497,https://kbbuddywts.kbsec.com.vn/iis-server/investment/stock/finance-info/PLC?page=1&pageSize=4&unit=1000&termtype=1&type=LCTT&termType=1&code=PLC,2026-10-09T14:18:35.425176+07:00,PLC cashflow,KBS annual peer snapshot; period and scope checked; not independently verified
PEER_BFC_balance_DGC_20261009_141829_778497,https://kbbuddywts.kbsec.com.vn/iis-server/investment/stock/finance-info/BFC?page=1&pageSize=4&unit=1000&termtype=1&type=CDKT&languageid=1,2026-10-09T14:18:32.161009+07:00,BFC balance,KBS annual peer snapshot; period and scope checked; not independently verified
PEER_BFC_income_DGC_20261009_141829_778497,https://kbbuddywts.kbsec.com.vn/iis-server/investment/stock/finance-info/BFC?page=1&pageSize=4&unit=1000&termtype=1&type=KQKD&languageid=1,2026-10-09T14:18:35.369690+07:00,BFC income,KBS annual peer snapshot; period and scope checked; not independently verified
PEER_BFC_cashflow_DGC_20261009_141829_778497,https://kbbuddywts.kbsec.com.vn/iis-server/investment/stock/finance-info/BFC?page=1&pageSize=4&unit=1000&termtype=1&type=LCTT&termType=1&code=BFC,2026-10-09T14:18:35.425176+07:00,BFC cashflow,KBS annual peer snapshot; period and scope checked; not independently verified
YAHOO_REE_20261009_141835_459544,https://query1.finance.yahoo.com/v8/finance/chart/REE.VN?period1=1759942800&period2=1791478800&interval=1d&events=div%2Csplits,2026-10-09T14:18:36.400397+07:00,chart.indicators.quote,Raw snapshot: data/raw/prices/REE_20261009_141835_459544.json; VND; adjustment basis unverified
KBS_balance_REE_20261009_141835_459544,https://kbbuddywts.kbsec.com.vn/iis-server/investment/stock/finance-info/REE?page=1&pageSize=4&unit=1000&termtype=1&type=CDKT&languageid=1,2026-10-09T14:18:36.927184+07:00,balance,Financial monetary values requested in thousand VND; EPS in VND/share
KBS_cashflow_REE_20261009_141835_459544,https://kbbuddywts.kbsec.com.vn/iis-server/investment/stock/finance-info/REE?page=1&pageSize=4&unit=1000&termtype=1&type=LCTT&termType=1&code=REE,2026-10-09T14:18:36.873288+07:00,cashflow,Financial monetary values requested in thousand VND; EPS in VND/share
KBS_income_REE_20261009_141835_459544,https://kbbuddywts.kbsec.com.vn/iis-server/investment/stock/finance-info/REE?page=1&pageSize=4&unit=1000&termtype=1&type=KQKD&languageid=1,2026-10-09T14:18:36.827537+07:00,income,Financial monetary values requested in thousand VND; EPS in VND/share
KBS_news_REE_20261009_141835_459544,https://kbbuddywts.kbsec.com.vn/iis-server/investment/stockinfo/news/REE?l=1&p=1&s=12,2026-10-09T14:18:36.583107+07:00,news,Public source snapshot
KBS_price_check_REE_20261009_141835_459544,https://kbbuddywts.kbsec.com.vn/iis-server/investment/stocks/REE/data_day?sdate=24-08-2026&edate=08-10-2026,2026-10-09T14:18:36.583107+07:00,price_check,Public source snapshot
KBS_profile_REE_20261009_141835_459544,https://kbbuddywts.kbsec.com.vn/iis-server/investment/stockinfo/profile/REE?l=1,2026-10-09T14:18:36.637210+07:00,profile,Public source snapshot
MINER_balance_REE_20261009_141835_459544,https://raw.githubusercontent.com/Tumiqa/vn-annual-report-miner/afa208bcf8c24a2b7eb5a1fd446084e376e8838a/src/arminer/data/bctc_data/balance_sheet/HSX.parquet,2026-10-09T13:57:46.163484+07:00,HSX/balance_sheet: REE,Pinned afa208bcf8c24a2b7eb5a1fd446084e376e8838a; SHA256 11614209b73b90dec64a7e749db8ed65b0a40e865cb79a1d6e09187dba0972ba; reference only; publication/unit/scope not certified
MINER_income_REE_20261009_141835_459544,https://raw.githubusercontent.com/Tumiqa/vn-annual-report-miner/afa208bcf8c24a2b7eb5a1fd446084e376e8838a/src/arminer/data/bctc_data/income_statement/HSX.parquet,2026-10-09T13:57:47.742202+07:00,HSX/income_statement: REE,Pinned afa208bcf8c24a2b7eb5a1fd446084e376e8838a; SHA256 5c9c7061440150930caf84ef74f4390bdb6d70e1eb6bf55153cf2161e625c609; reference only; publication/unit/scope not certified
MINER_cashflow_REE_20261009_141835_459544,https://raw.githubusercontent.com/Tumiqa/vn-annual-report-miner/afa208bcf8c24a2b7eb5a1fd446084e376e8838a/src/arminer/data/bctc_data/cash_flow/HSX.parquet,2026-10-09T13:57:48.776969+07:00,HSX/cash_flow: REE,Pinned afa208bcf8c24a2b7eb5a1fd446084e376e8838a; SHA256 e4420f10ca57170de85c1ad2c2c6991ac64c11a2f326a5cc4a90263308625b16; reference only; publication/unit/scope not certified
MINER_catalog_REE_20261009_141835_459544,https://raw.githubusercontent.com/Tumiqa/vn-annual-report-miner/afa208bcf8c24a2b7eb5a1fd446084e376e8838a/data/zenodo_catalog/file_index_full.csv,2026-10-09T13:57:49.970406+07:00,Annual-report catalog: REE; original catalog release 2026-06-27,Pinned afa208bcf8c24a2b7eb5a1fd446084e376e8838a; SHA256 9d9d469900c5c9657c636d8785b1308eb5e650585f169e4716eb1415f55bfd7c; reference only; publication/unit/scope not certified
ZENODO_PDF_REE_20261009_141835_459544,https://cafef1.mediacdn.vn/Images/Uploaded/DuLieuDownload/BCTC/REE_25CN_BCTN.pdf,2026-10-09T14:18:37.800695+07:00,REE/REE_25CN_BCTN.pdf,local_cache_checked_sha256; downloaded_at=2026-10-09T14:11:01.029889+07:00; catalog=https://zenodo.org/records/20949551; SHA256 verified f5968a088daf57eaa3d0503c8a1a7a88da9e637709c813ee2a6b1c3bf18be49d; report year 2025; original publication/scope not certified
NSO_REE_20261009_141835_459544_0,https://www.nso.gov.vn/bai-top/2026/10/bao-cao-tinh-hinh-kinh-te-xa-hoi-quy-iii-va-9-thang-nam-2026/,2026-10-09T14:18:40.155310+07:00,Báo cáo tình hình kinh tế - xã hội quý III và 9 tháng năm 2026,NSO; published 2026-10-03; reference 9/2026; raw NSO_REE_20261009_141835_459544_0.html
WDI_cpi_annual_REE_20261009_141835_459544,https://api.worldbank.org/v2/country/VNM/indicator/FP.CPI.TOTL.ZG?format=json&per_page=20,2026-10-09T14:18:40.440073+07:00,cpi_annual,World Bank WDI annual; lastupdated not first release; historical/stale observations labeled
WDI_fx_annual_REE_20261009_141835_459544,https://api.worldbank.org/v2/country/VNM/indicator/PA.NUS.FCRF?format=json&per_page=20,2026-10-09T14:18:40.453859+07:00,fx_annual,World Bank WDI annual; lastupdated not first release; historical/stale observations labeled
WDI_gdp_annual_REE_20261009_141835_459544,https://api.worldbank.org/v2/country/VNM/indicator/NY.GDP.MKTP.KD.ZG?format=json&per_page=20,2026-10-09T14:18:40.460946+07:00,gdp_annual,World Bank WDI annual; lastupdated not first release; historical/stale observations labeled
WDI_lending_annual_REE_20261009_141835_459544,https://api.worldbank.org/v2/country/VNM/indicator/FR.INR.LEND?format=json&per_page=20,2026-10-09T14:18:40.520392+07:00,lending_annual,World Bank WDI annual; lastupdated not first release; historical/stale observations labeled
SECTOR_7535_REE_20261009_141835_459544,https://iq.vietcap.com.vn/api/iq-insight-service/v2/company/search-bar?language=1,2026-10-09T14:18:38.505202+07:00,Vietcap ICB; level 4; code 7535; Sản xuất & Phân phối Điện,Vietcap ICB; downloaded; current classification; ratings/targets/intraday quote fields excluded
PEER_POW_balance_REE_20261009_141835_459544,https://kbbuddywts.kbsec.com.vn/iis-server/investment/stock/finance-info/POW?page=1&pageSize=4&unit=1000&termtype=1&type=CDKT&languageid=1,2026-10-09T14:18:40.931274+07:00,POW balance,KBS annual peer snapshot; period and scope checked; not independently verified
PEER_POW_income_REE_20261009_141835_459544,https://kbbuddywts.kbsec.com.vn/iis-server/investment/stock/finance-info/POW?page=1&pageSize=4&unit=1000&termtype=1&type=KQKD&languageid=1,2026-10-09T14:18:42.974345+07:00,POW income,KBS annual peer snapshot; period and scope checked; not independently verified
PEER_POW_cashflow_REE_20261009_141835_459544,https://kbbuddywts.kbsec.com.vn/iis-server/investment/stock/finance-info/POW?page=1&pageSize=4&unit=1000&termtype=1&type=LCTT&termType=1&code=POW,2026-10-09T14:18:43.036613+07:00,POW cashflow,KBS annual peer snapshot; period and scope checked; not independently verified
PEER_PGV_balance_REE_20261009_141835_459544,https://kbbuddywts.kbsec.com.vn/iis-server/investment/stock/finance-info/PGV?page=1&pageSize=4&unit=1000&termtype=1&type=CDKT&languageid=1,2026-10-09T14:18:40.777266+07:00,PGV balance,KBS annual peer snapshot; period and scope checked; not independently verified
PEER_PGV_income_REE_20261009_141835_459544,https://kbbuddywts.kbsec.com.vn/iis-server/investment/stock/finance-info/PGV?page=1&pageSize=4&unit=1000&termtype=1&type=KQKD&languageid=1,2026-10-09T14:18:42.973267+07:00,PGV income,KBS annual peer snapshot; period and scope checked; not independently verified
PEER_PGV_cashflow_REE_20261009_141835_459544,https://kbbuddywts.kbsec.com.vn/iis-server/investment/stock/finance-info/PGV?page=1&pageSize=4&unit=1000&termtype=1&type=LCTT&termType=1&code=PGV,2026-10-09T14:18:43.037598+07:00,PGV cashflow,KBS annual peer snapshot; period and scope checked; not independently verified
PEER_BGE_balance_REE_20261009_141835_459544,https://kbbuddywts.kbsec.com.vn/iis-server/investment/stock/finance-info/BGE?page=1&pageSize=4&unit=1000&termtype=1&type=CDKT&languageid=1,2026-10-09T14:18:38.904822+07:00,BGE balance,KBS annual peer snapshot; period and scope checked; not independently verified
PEER_BGE_income_REE_20261009_141835_459544,https://kbbuddywts.kbsec.com.vn/iis-server/investment/stock/finance-info/BGE?page=1&pageSize=4&unit=1000&termtype=1&type=KQKD&languageid=1,2026-10-09T14:18:42.975289+07:00,BGE income,KBS annual peer snapshot; period and scope checked; not independently verified
PEER_BGE_cashflow_REE_20261009_141835_459544,https://kbbuddywts.kbsec.com.vn/iis-server/investment/stock/finance-info/BGE?page=1&pageSize=4&unit=1000&termtype=1&type=LCTT&termType=1&code=BGE,2026-10-09T14:18:43.270285+07:00,BGE cashflow,KBS annual peer snapshot; period and scope checked; not independently verified
PEER_DTK_balance_REE_20261009_141835_459544,https://kbbuddywts.kbsec.com.vn/iis-server/investment/stock/finance-info/DTK?page=1&pageSize=4&unit=1000&termtype=1&type=CDKT&languageid=1,2026-10-09T14:18:39.603836+07:00,DTK balance,KBS annual peer snapshot; period and scope checked; not independently verified
PEER_DTK_income_REE_20261009_141835_459544,https://kbbuddywts.kbsec.com.vn/iis-server/investment/stock/finance-info/DTK?page=1&pageSize=4&unit=1000&termtype=1&type=KQKD&languageid=1,2026-10-09T14:18:43.207806+07:00,DTK income,KBS annual peer snapshot; period and scope checked; not independently verified
PEER_DTK_cashflow_REE_20261009_141835_459544,https://kbbuddywts.kbsec.com.vn/iis-server/investment/stock/finance-info/DTK?page=1&pageSize=4&unit=1000&termtype=1&type=LCTT&termType=1&code=DTK,2026-10-09T14:18:43.269160+07:00,DTK cashflow,KBS annual peer snapshot; period and scope checked; not independently verified
YAHOO_HPG_20261009_141929_355672,https://query1.finance.yahoo.com/v8/finance/chart/HPG.VN?period1=1759942800&period2=1791478800&interval=1d&events=div%2Csplits,2026-10-09T14:19:29.729719+07:00,chart.indicators.quote,Raw snapshot: data/raw/prices/HPG_20261009_141929_355672.json; VND; adjustment basis unverified
HPG_9a2881a88ac8ca4c,data/raw/documents/20260828-hpg-bctc-hop-nhat-soat-xet-6-thang-2026-va-giai-trinh-1-2.pdf,2026-10-09T14:19:30.075081+07:00,whole PDF; metrics not extracted,Báo cáo tài chính hợp nhất soát xét 6 tháng 2026; published_at=2026-08-28; mode=local_cache_checked_sha256; source_url=https://file.hoaphat.com.vn/hoaphat-com-vn/2026/08/20260828-hpg-bctc-hop-nhat-soat-xet-6-thang-2026-va-giai-trinh-1-2.pdf; listing=https://www.hoaphat.com.vn/quan-he-co-dong/bao-cao-tai-chinh
HPG_1f5c4b14f867d268,data/raw/documents/20260730-hpg-bctc-hop-nhat-quy-2-2026-va-giai-trinh.pdf,2026-10-09T14:19:30.116510+07:00,whole PDF; metrics not extracted,Báo cáo tài chính hợp nhất Quý II/2026; published_at=2026-07-30; mode=local_cache_checked_sha256; source_url=https://file.hoaphat.com.vn/hoaphat-com-vn/2026/07/20260730-hpg-bctc-hop-nhat-quy-2-2026-va-giai-trinh.pdf; listing=https://www.hoaphat.com.vn/quan-he-co-dong/bao-cao-tai-chinh
KBS_balance_HPG_20261009_141929_355672,https://kbbuddywts.kbsec.com.vn/iis-server/investment/stock/finance-info/HPG?page=1&pageSize=4&unit=1000&termtype=1&type=CDKT&languageid=1,2026-10-09T14:19:30.689199+07:00,balance,Financial monetary values requested in thousand VND; EPS in VND/share
KBS_cashflow_HPG_20261009_141929_355672,https://kbbuddywts.kbsec.com.vn/iis-server/investment/stock/finance-info/HPG?page=1&pageSize=4&unit=1000&termtype=1&type=LCTT&termType=1&code=HPG,2026-10-09T14:19:30.658317+07:00,cashflow,Financial monetary values requested in thousand VND; EPS in VND/share
KBS_income_HPG_20261009_141929_355672,https://kbbuddywts.kbsec.com.vn/iis-server/investment/stock/finance-info/HPG?page=1&pageSize=4&unit=1000&termtype=1&type=KQKD&languageid=1,2026-10-09T14:19:30.527244+07:00,income,Financial monetary values requested in thousand VND; EPS in VND/share
KBS_news_HPG_20261009_141929_355672,https://kbbuddywts.kbsec.com.vn/iis-server/investment/stockinfo/news/HPG?l=1&p=1&s=12,2026-10-09T14:19:30.339016+07:00,news,Public source snapshot
KBS_price_check_HPG_20261009_141929_355672,https://kbbuddywts.kbsec.com.vn/iis-server/investment/stocks/HPG/data_day?sdate=24-08-2026&edate=08-10-2026,2026-10-09T14:19:30.338012+07:00,price_check,Public source snapshot
KBS_profile_HPG_20261009_141929_355672,https://kbbuddywts.kbsec.com.vn/iis-server/investment/stockinfo/profile/HPG?l=1,2026-10-09T14:19:30.373046+07:00,profile,Public source snapshot
MINER_balance_HPG_20261009_141929_355672,https://raw.githubusercontent.com/Tumiqa/vn-annual-report-miner/afa208bcf8c24a2b7eb5a1fd446084e376e8838a/src/arminer/data/bctc_data/balance_sheet/HSX.parquet,2026-10-09T13:57:46.163484+07:00,HSX/balance_sheet: HPG,Pinned afa208bcf8c24a2b7eb5a1fd446084e376e8838a; SHA256 11614209b73b90dec64a7e749db8ed65b0a40e865cb79a1d6e09187dba0972ba; reference only; publication/unit/scope not certified
MINER_income_HPG_20261009_141929_355672,https://raw.githubusercontent.com/Tumiqa/vn-annual-report-miner/afa208bcf8c24a2b7eb5a1fd446084e376e8838a/src/arminer/data/bctc_data/income_statement/HSX.parquet,2026-10-09T13:57:47.742202+07:00,HSX/income_statement: HPG,Pinned afa208bcf8c24a2b7eb5a1fd446084e376e8838a; SHA256 5c9c7061440150930caf84ef74f4390bdb6d70e1eb6bf55153cf2161e625c609; reference only; publication/unit/scope not certified
MINER_cashflow_HPG_20261009_141929_355672,https://raw.githubusercontent.com/Tumiqa/vn-annual-report-miner/afa208bcf8c24a2b7eb5a1fd446084e376e8838a/src/arminer/data/bctc_data/cash_flow/HSX.parquet,2026-10-09T13:57:48.776969+07:00,HSX/cash_flow: HPG,Pinned afa208bcf8c24a2b7eb5a1fd446084e376e8838a; SHA256 e4420f10ca57170de85c1ad2c2c6991ac64c11a2f326a5cc4a90263308625b16; reference only; publication/unit/scope not certified
MINER_catalog_HPG_20261009_141929_355672,https://raw.githubusercontent.com/Tumiqa/vn-annual-report-miner/afa208bcf8c24a2b7eb5a1fd446084e376e8838a/data/zenodo_catalog/file_index_full.csv,2026-10-09T13:57:49.970406+07:00,Annual-report catalog: HPG; original catalog release 2026-06-27,Pinned afa208bcf8c24a2b7eb5a1fd446084e376e8838a; SHA256 9d9d469900c5c9657c636d8785b1308eb5e650585f169e4716eb1415f55bfd7c; reference only; publication/unit/scope not certified
ZENODO_PDF_HPG_20261009_141929_355672,https://zenodo.org/records/20949551,2026-10-09T14:19:31.524962+07:00,HPG/HPG_25CN_BCTN.pdf,local_cache_checked_sha256; downloaded_at=None; catalog=https://zenodo.org/records/20949551; SHA256 verified f9fb0c11f2ae20fe6c4e2dad74417876e8e5119749b7dc2d6e951d8ee0f62171; report year 2025; original publication/scope not certified
NSO_HPG_20261009_141929_355672_0,https://www.nso.gov.vn/bai-top/2026/10/bao-cao-tinh-hinh-kinh-te-xa-hoi-quy-iii-va-9-thang-nam-2026/,2026-10-09T14:19:33.804240+07:00,Báo cáo tình hình kinh tế - xã hội quý III và 9 tháng năm 2026,NSO; published 2026-10-03; reference 9/2026; raw NSO_HPG_20261009_141929_355672_0.html
WDI_cpi_annual_HPG_20261009_141929_355672,https://api.worldbank.org/v2/country/VNM/indicator/FP.CPI.TOTL.ZG?format=json&per_page=20,2026-10-09T14:19:35.099498+07:00,cpi_annual,World Bank WDI annual; lastupdated not first release; historical/stale observations labeled
WDI_fx_annual_HPG_20261009_141929_355672,https://api.worldbank.org/v2/country/VNM/indicator/PA.NUS.FCRF?format=json&per_page=20,2026-10-09T14:19:34.100315+07:00,fx_annual,World Bank WDI annual; lastupdated not first release; historical/stale observations labeled
WDI_gdp_annual_HPG_20261009_141929_355672,https://api.worldbank.org/v2/country/VNM/indicator/NY.GDP.MKTP.KD.ZG?format=json&per_page=20,2026-10-09T14:19:34.128228+07:00,gdp_annual,World Bank WDI annual; lastupdated not first release; historical/stale observations labeled
WDI_lending_annual_HPG_20261009_141929_355672,https://api.worldbank.org/v2/country/VNM/indicator/FR.INR.LEND?format=json&per_page=20,2026-10-09T14:19:38.027892+07:00,lending_annual,World Bank WDI annual; lastupdated not first release; historical/stale observations labeled
SECTOR_1757_HPG_20261009_141929_355672,https://iq.vietcap.com.vn/api/iq-insight-service/v2/company/search-bar?language=1,2026-10-09T14:18:38.505202+07:00,Vietcap ICB; level 4; code 1757; Thép và sản phẩm thép,Vietcap ICB; cache_under_1h; current classification; ratings/targets/intraday quote fields excluded
PEER_TVN_balance_HPG_20261009_141929_355672,https://kbbuddywts.kbsec.com.vn/iis-server/investment/stock/finance-info/TVN?page=1&pageSize=4&unit=1000&termtype=1&type=CDKT&languageid=1,2026-10-09T14:19:34.433441+07:00,TVN balance,KBS annual peer snapshot; period and scope checked; not independently verified
PEER_TVN_cashflow_HPG_20261009_141929_355672,https://kbbuddywts.kbsec.com.vn/iis-server/investment/stock/finance-info/TVN?page=1&pageSize=4&unit=1000&termtype=1&type=LCTT&termType=1&code=TVN,2026-10-09T14:19:35.010364+07:00,TVN cashflow,KBS annual peer snapshot; period and scope checked; not independently verified
PEER_TVN_income_HPG_20261009_141929_355672,https://kbbuddywts.kbsec.com.vn/iis-server/investment/stock/finance-info/TVN?page=1&pageSize=4&unit=1000&termtype=1&type=KQKD&languageid=1,2026-10-09T14:19:35.011905+07:00,TVN income,KBS annual peer snapshot; period and scope checked; not independently verified
PEER_NKG_balance_HPG_20261009_141929_355672,https://kbbuddywts.kbsec.com.vn/iis-server/investment/stock/finance-info/NKG?page=1&pageSize=4&unit=1000&termtype=1&type=CDKT&languageid=1,2026-10-09T14:19:33.040105+07:00,NKG balance,KBS annual peer snapshot; period and scope checked; not independently verified
PEER_NKG_income_HPG_20261009_141929_355672,https://kbbuddywts.kbsec.com.vn/iis-server/investment/stock/finance-info/NKG?page=1&pageSize=4&unit=1000&termtype=1&type=KQKD&languageid=1,2026-10-09T14:19:35.036878+07:00,NKG income,KBS annual peer snapshot; period and scope checked; not independently verified
PEER_NKG_cashflow_HPG_20261009_141929_355672,https://kbbuddywts.kbsec.com.vn/iis-server/investment/stock/finance-info/NKG?page=1&pageSize=4&unit=1000&termtype=1&type=LCTT&termType=1&code=NKG,2026-10-09T14:19:35.058810+07:00,NKG cashflow,KBS annual peer snapshot; period and scope checked; not independently verified
PEER_GDA_balance_HPG_20261009_141929_355672,https://kbbuddywts.kbsec.com.vn/iis-server/investment/stock/finance-info/GDA?page=1&pageSize=4&unit=1000&termtype=1&type=CDKT&languageid=1,2026-10-09T14:19:32.324460+07:00,GDA balance,KBS annual peer snapshot; period and scope checked; not independently verified
PEER_GDA_income_HPG_20261009_141929_355672,https://kbbuddywts.kbsec.com.vn/iis-server/investment/stock/finance-info/GDA?page=1&pageSize=4&unit=1000&termtype=1&type=KQKD&languageid=1,2026-10-09T14:19:34.982737+07:00,GDA income,KBS annual peer snapshot; period and scope checked; not independently verified
PEER_GDA_cashflow_HPG_20261009_141929_355672,https://kbbuddywts.kbsec.com.vn/iis-server/investment/stock/finance-info/GDA?page=1&pageSize=4&unit=1000&termtype=1&type=LCTT&termType=1&code=GDA,2026-10-09T14:19:35.452306+07:00,GDA cashflow,KBS annual peer snapshot; period and scope checked; not independently verified
PEER_SHI_balance_HPG_20261009_141929_355672,https://kbbuddywts.kbsec.com.vn/iis-server/investment/stock/finance-info/SHI?page=1&pageSize=4&unit=1000&termtype=1&type=CDKT&languageid=1,2026-10-09T14:19:33.357304+07:00,SHI balance,KBS annual peer snapshot; period and scope checked; not independently verified
PEER_SHI_income_HPG_20261009_141929_355672,https://kbbuddywts.kbsec.com.vn/iis-server/investment/stock/finance-info/SHI?page=1&pageSize=4&unit=1000&termtype=1&type=KQKD&languageid=1,2026-10-09T14:19:35.315453+07:00,SHI income,KBS annual peer snapshot; period and scope checked; not independently verified
PEER_SHI_cashflow_HPG_20261009_141929_355672,https://kbbuddywts.kbsec.com.vn/iis-server/investment/stock/finance-info/SHI?page=1&pageSize=4&unit=1000&termtype=1&type=LCTT&termType=1&code=SHI,2026-10-09T14:19:35.315453+07:00,SHI cashflow,KBS annual peer snapshot; period and scope checked; not independently verified
YAHOO_ACB_20261009_143310_303557,https://query1.finance.yahoo.com/v8/finance/chart/ACB.VN?period1=1458406800&period2=1791478800&interval=1d&events=div%2Csplits,2026-10-09T14:33:10.910388+07:00,chart.indicators.quote,Raw snapshot: data/raw/prices/ACB_20261009_143310_303557.json; VND; adjustment basis unverified
KBS_balance_ACB_20261009_143310_303557,https://kbbuddywts.kbsec.com.vn/iis-server/investment/stock/finance-info/ACB?page=1&pageSize=4&unit=1000&termtype=1&type=CDKT&languageid=1,2026-10-09T14:33:11.484005+07:00,balance,Financial monetary values requested in thousand VND; EPS in VND/share
KBS_cashflow_ACB_20261009_143310_303557,https://kbbuddywts.kbsec.com.vn/iis-server/investment/stock/finance-info/ACB?page=1&pageSize=4&unit=1000&termtype=1&type=LCTT&termType=1&code=ACB,2026-10-09T14:33:11.407146+07:00,cashflow,Financial monetary values requested in thousand VND; EPS in VND/share
KBS_income_ACB_20261009_143310_303557,https://kbbuddywts.kbsec.com.vn/iis-server/investment/stock/finance-info/ACB?page=1&pageSize=4&unit=1000&termtype=1&type=KQKD&languageid=1,2026-10-09T14:33:11.339706+07:00,income,Financial monetary values requested in thousand VND; EPS in VND/share
KBS_news_ACB_20261009_143310_303557,https://kbbuddywts.kbsec.com.vn/iis-server/investment/stockinfo/news/ACB?l=1&p=1&s=12,2026-10-09T14:33:11.106112+07:00,news,Public source snapshot
KBS_price_check_ACB_20261009_143310_303557,https://kbbuddywts.kbsec.com.vn/iis-server/investment/stocks/ACB/data_day?sdate=24-08-2026&edate=08-10-2026,2026-10-09T14:33:11.097538+07:00,price_check,Public source snapshot
KBS_profile_ACB_20261009_143310_303557,https://kbbuddywts.kbsec.com.vn/iis-server/investment/stockinfo/profile/ACB?l=1,2026-10-09T14:33:11.122250+07:00,profile,Public source snapshot
MINER_balance_ACB_20261009_143310_303557,https://raw.githubusercontent.com/Tumiqa/vn-annual-report-miner/afa208bcf8c24a2b7eb5a1fd446084e376e8838a/src/arminer/data/bctc_data/balance_sheet/HSX.parquet,2026-10-09T13:57:46.163484+07:00,HSX/balance_sheet: ACB,Pinned afa208bcf8c24a2b7eb5a1fd446084e376e8838a; SHA256 11614209b73b90dec64a7e749db8ed65b0a40e865cb79a1d6e09187dba0972ba; reference only; publication/unit/scope not certified
MINER_income_ACB_20261009_143310_303557,https://raw.githubusercontent.com/Tumiqa/vn-annual-report-miner/afa208bcf8c24a2b7eb5a1fd446084e376e8838a/src/arminer/data/bctc_data/income_statement/HSX.parquet,2026-10-09T13:57:47.742202+07:00,HSX/income_statement: ACB,Pinned afa208bcf8c24a2b7eb5a1fd446084e376e8838a; SHA256 5c9c7061440150930caf84ef74f4390bdb6d70e1eb6bf55153cf2161e625c609; reference only; publication/unit/scope not certified
MINER_cashflow_ACB_20261009_143310_303557,https://raw.githubusercontent.com/Tumiqa/vn-annual-report-miner/afa208bcf8c24a2b7eb5a1fd446084e376e8838a/src/arminer/data/bctc_data/cash_flow/HSX.parquet,2026-10-09T13:57:48.776969+07:00,HSX/cash_flow: ACB,Pinned afa208bcf8c24a2b7eb5a1fd446084e376e8838a; SHA256 e4420f10ca57170de85c1ad2c2c6991ac64c11a2f326a5cc4a90263308625b16; reference only; publication/unit/scope not certified
MINER_catalog_ACB_20261009_143310_303557,https://raw.githubusercontent.com/Tumiqa/vn-annual-report-miner/afa208bcf8c24a2b7eb5a1fd446084e376e8838a/data/zenodo_catalog/file_index_full.csv,2026-10-09T13:57:49.970406+07:00,Annual-report catalog: ACB; original catalog release 2026-06-27,Pinned afa208bcf8c24a2b7eb5a1fd446084e376e8838a; SHA256 9d9d469900c5c9657c636d8785b1308eb5e650585f169e4716eb1415f55bfd7c; reference only; publication/unit/scope not certified
ZENODO_PDF_ACB_20261009_143310_303557,https://cafef1.mediacdn.vn/Images/Uploaded/DuLieuDownload/BCTC/ACB_25CN_BCTN.pdf,2026-10-09T14:33:13.713388+07:00,ACB/ACB_25CN_BCTN.pdf,catalog_hash_verified_mirror; downloaded_at=2026-10-09T14:33:13.420399+07:00; catalog=https://zenodo.org/records/20949551; SHA256 verified bf983a7f9569e2ffba84a81ccaff6d03762f1a7097aabe2ce26091496281771b; report year 2025; original publication/scope not certified
NSO_ACB_20261009_143310_303557_0,https://www.nso.gov.vn/bai-top/2026/10/bao-cao-tinh-hinh-kinh-te-xa-hoi-quy-iii-va-9-thang-nam-2026/,2026-10-09T14:33:15.942204+07:00,Báo cáo tình hình kinh tế - xã hội quý III và 9 tháng năm 2026,NSO; published 2026-10-03; reference 9/2026; raw NSO_ACB_20261009_143310_303557_0.html
WDI_cpi_annual_ACB_20261009_143310_303557,https://api.worldbank.org/v2/country/VNM/indicator/FP.CPI.TOTL.ZG?format=json&per_page=20,2026-10-09T14:33:16.265765+07:00,cpi_annual,World Bank WDI annual; lastupdated not first release; historical/stale observations labeled
WDI_fx_annual_ACB_20261009_143310_303557,https://api.worldbank.org/v2/country/VNM/indicator/PA.NUS.FCRF?format=json&per_page=20,2026-10-09T14:33:16.245613+07:00,fx_annual,World Bank WDI annual; lastupdated not first release; historical/stale observations labeled
WDI_gdp_annual_ACB_20261009_143310_303557,https://api.worldbank.org/v2/country/VNM/indicator/NY.GDP.MKTP.KD.ZG?format=json&per_page=20,2026-10-09T14:33:16.259897+07:00,gdp_annual,World Bank WDI annual; lastupdated not first release; historical/stale observations labeled
WDI_lending_annual_ACB_20261009_143310_303557,https://api.worldbank.org/v2/country/VNM/indicator/FR.INR.LEND?format=json&per_page=20,2026-10-09T14:33:16.293837+07:00,lending_annual,World Bank WDI annual; lastupdated not first release; historical/stale observations labeled
SECTOR_8355_ACB_20261009_143310_303557,https://iq.vietcap.com.vn/api/iq-insight-service/v2/company/search-bar?language=1,2026-10-09T14:18:38.505202+07:00,Vietcap ICB; level 4; code 8355; Ngân hàng,Vietcap ICB; cache_under_1h; current classification; ratings/targets/intraday quote fields excluded
PEER_VIB_balance_ACB_20261009_143310_303557,https://kbbuddywts.kbsec.com.vn/iis-server/investment/stock/finance-info/VIB?page=1&pageSize=4&unit=1000&termtype=1&type=CDKT&languageid=1,2026-10-09T14:33:15.392924+07:00,VIB balance,KBS annual peer snapshot; period and scope checked; not independently verified
PEER_VIB_income_ACB_20261009_143310_303557,https://kbbuddywts.kbsec.com.vn/iis-server/investment/stock/finance-info/VIB?page=1&pageSize=4&unit=1000&termtype=1&type=KQKD&languageid=1,2026-10-09T14:33:15.745776+07:00,VIB income,KBS annual peer snapshot; period and scope checked; not independently verified
PEER_VIB_cashflow_ACB_20261009_143310_303557,https://kbbuddywts.kbsec.com.vn/iis-server/investment/stock/finance-info/VIB?page=1&pageSize=4&unit=1000&termtype=1&type=LCTT&termType=1&code=VIB,2026-10-09T14:33:15.777247+07:00,VIB cashflow,KBS annual peer snapshot; period and scope checked; not independently verified
PEER_NAB_balance_ACB_20261009_143310_303557,https://kbbuddywts.kbsec.com.vn/iis-server/investment/stock/finance-info/NAB?page=1&pageSize=4&unit=1000&termtype=1&type=CDKT&languageid=1,2026-10-09T14:33:14.622083+07:00,NAB balance,KBS annual peer snapshot; period and scope checked; not independently verified
PEER_NAB_income_ACB_20261009_143310_303557,https://kbbuddywts.kbsec.com.vn/iis-server/investment/stock/finance-info/NAB?page=1&pageSize=4&unit=1000&termtype=1&type=KQKD&languageid=1,2026-10-09T14:33:15.745776+07:00,NAB income,KBS annual peer snapshot; period and scope checked; not independently verified
PEER_NAB_cashflow_ACB_20261009_143310_303557,https://kbbuddywts.kbsec.com.vn/iis-server/investment/stock/finance-info/NAB?page=1&pageSize=4&unit=1000&termtype=1&type=LCTT&termType=1&code=NAB,2026-10-09T14:33:15.794579+07:00,NAB cashflow,KBS annual peer snapshot; period and scope checked; not independently verified
YAHOO_ACB_20261009_151954_294570,https://query1.finance.yahoo.com/v8/finance/chart/ACB.VN?period1=1458406800&period2=1791478800&interval=1d&events=div%2Csplits,2026-10-09T15:19:54.799764+07:00,daily OHLCV,Raw snapshot: data/raw/prices/ACB_20261009_151954_294570_yahoo.json; VND; adjustment unverified; valid=False
KBS_ACB_20261009_151954_294570,https://kbbuddywts.kbsec.com.vn/iis-server/investment/stocks/ACB/data_day?sdate=20-03-2016&edate=08-10-2026,2026-10-09T15:19:55.361070+07:00,daily OHLCV,Raw snapshot: data/raw/prices/ACB_20261009_151954_294570_kbs.json; VND; adjustment unverified; valid=True
KBS_balance_ACB_20261009_151954_294570,https://kbbuddywts.kbsec.com.vn/iis-server/investment/stock/finance-info/ACB?page=1&pageSize=4&unit=1000&termtype=1&type=CDKT&languageid=1,2026-10-09T15:19:56.030739+07:00,balance,Financial monetary values requested in thousand VND; EPS in VND/share
KBS_cashflow_ACB_20261009_151954_294570,https://kbbuddywts.kbsec.com.vn/iis-server/investment/stock/finance-info/ACB?page=1&pageSize=4&unit=1000&termtype=1&type=LCTT&termType=1&code=ACB,2026-10-09T15:19:56.076053+07:00,cashflow,Financial monetary values requested in thousand VND; EPS in VND/share
KBS_income_ACB_20261009_151954_294570,https://kbbuddywts.kbsec.com.vn/iis-server/investment/stock/finance-info/ACB?page=1&pageSize=4&unit=1000&termtype=1&type=KQKD&languageid=1,2026-10-09T15:19:55.975515+07:00,income,Financial monetary values requested in thousand VND; EPS in VND/share
KBS_news_ACB_20261009_151954_294570,https://kbbuddywts.kbsec.com.vn/iis-server/investment/stockinfo/news/ACB?l=1&p=1&s=12,2026-10-09T15:19:55.626761+07:00,news,Public source snapshot
KBS_price_check_ACB_20261009_151954_294570,https://query1.finance.yahoo.com/v8/finance/chart/ACB.VN?period1=1787504400&period2=1791478800&interval=1d&events=div%2Csplits,2026-10-09T15:19:55.663832+07:00,price_check,Public source snapshot
KBS_profile_ACB_20261009_151954_294570,https://kbbuddywts.kbsec.com.vn/iis-server/investment/stockinfo/profile/ACB?l=1,2026-10-09T15:19:55.679834+07:00,profile,Public source snapshot
MINER_balance_ACB_20261009_151954_294570,https://raw.githubusercontent.com/Tumiqa/vn-annual-report-miner/afa208bcf8c24a2b7eb5a1fd446084e376e8838a/src/arminer/data/bctc_data/balance_sheet/HSX.parquet,2026-10-09T13:57:46.163484+07:00,HSX/balance_sheet: ACB,Pinned afa208bcf8c24a2b7eb5a1fd446084e376e8838a; SHA256 11614209b73b90dec64a7e749db8ed65b0a40e865cb79a1d6e09187dba0972ba; reference only; publication/unit/scope not certified
MINER_income_ACB_20261009_151954_294570,https://raw.githubusercontent.com/Tumiqa/vn-annual-report-miner/afa208bcf8c24a2b7eb5a1fd446084e376e8838a/src/arminer/data/bctc_data/income_statement/HSX.parquet,2026-10-09T13:57:47.742202+07:00,HSX/income_statement: ACB,Pinned afa208bcf8c24a2b7eb5a1fd446084e376e8838a; SHA256 5c9c7061440150930caf84ef74f4390bdb6d70e1eb6bf55153cf2161e625c609; reference only; publication/unit/scope not certified
MINER_cashflow_ACB_20261009_151954_294570,https://raw.githubusercontent.com/Tumiqa/vn-annual-report-miner/afa208bcf8c24a2b7eb5a1fd446084e376e8838a/src/arminer/data/bctc_data/cash_flow/HSX.parquet,2026-10-09T13:57:48.776969+07:00,HSX/cash_flow: ACB,Pinned afa208bcf8c24a2b7eb5a1fd446084e376e8838a; SHA256 e4420f10ca57170de85c1ad2c2c6991ac64c11a2f326a5cc4a90263308625b16; reference only; publication/unit/scope not certified
MINER_catalog_ACB_20261009_151954_294570,https://raw.githubusercontent.com/Tumiqa/vn-annual-report-miner/afa208bcf8c24a2b7eb5a1fd446084e376e8838a/data/zenodo_catalog/file_index_full.csv,2026-10-09T13:57:49.970406+07:00,Annual-report catalog: ACB; original catalog release 2026-06-27,Pinned afa208bcf8c24a2b7eb5a1fd446084e376e8838a; SHA256 9d9d469900c5c9657c636d8785b1308eb5e650585f169e4716eb1415f55bfd7c; reference only; publication/unit/scope not certified
ZENODO_PDF_ACB_20261009_151954_294570,https://cafef1.mediacdn.vn/Images/Uploaded/DuLieuDownload/BCTC/ACB_25CN_BCTN.pdf,2026-10-09T15:19:57.220142+07:00,ACB/ACB_25CN_BCTN.pdf,local_cache_checked_sha256; downloaded_at=2026-10-09T14:33:13.420399+07:00; catalog=https://zenodo.org/records/20949551; SHA256 verified bf983a7f9569e2ffba84a81ccaff6d03762f1a7097aabe2ce26091496281771b; report year 2025; original publication/scope not certified
VAL_PROFILE_VIB_ACB_20261009_151954_294570,https://kbbuddywts.kbsec.com.vn/iis-server/investment/stockinfo/profile/VIB?l=1,2026-10-09T15:20:03.845892+07:00,profile.KLCPLH,Current shares; annual equity held constant as an explicit scenario assumption
VAL_YAHOO_VIB_ACB_20261009_151954_294570,https://query1.finance.yahoo.com/v8/finance/chart/VIB.VN?period1=1787590800&period2=1791478800&interval=1d&events=div%2Csplits,2026-10-09T15:20:04.109657+07:00,2026-10-08,Only closing price on this date cross-checked; not full adjustment history
VAL_KBS_VIB_ACB_20261009_151954_294570,https://kbbuddywts.kbsec.com.vn/iis-server/investment/stocks/VIB/data_day?sdate=25-08-2026&edate=08-10-2026,2026-10-09T15:20:04.346164+07:00,2026-10-08,Only closing price on this date cross-checked; not full adjustment history
VAL_PROFILE_NAB_ACB_20261009_151954_294570,https://kbbuddywts.kbsec.com.vn/iis-server/investment/stockinfo/profile/NAB?l=1,2026-10-09T15:20:03.845892+07:00,profile.KLCPLH,Current shares; annual equity held constant as an explicit scenario assumption
VAL_YAHOO_NAB_ACB_20261009_151954_294570,https://query1.finance.yahoo.com/v8/finance/chart/NAB.VN?period1=1787590800&period2=1791478800&interval=1d&events=div%2Csplits,2026-10-09T15:20:04.109657+07:00,2026-10-08,Only closing price on this date cross-checked; not full adjustment history
VAL_KBS_NAB_ACB_20261009_151954_294570,https://kbbuddywts.kbsec.com.vn/iis-server/investment/stocks/NAB/data_day?sdate=25-08-2026&edate=08-10-2026,2026-10-09T15:20:04.373572+07:00,2026-10-08,Only closing price on this date cross-checked; not full adjustment history
NSO_ACB_20261009_151954_294570_0,https://www.nso.gov.vn/bai-top/2026/10/bao-cao-tinh-hinh-kinh-te-xa-hoi-quy-iii-va-9-thang-nam-2026/,2026-10-09T15:20:00.359306+07:00,Báo cáo tình hình kinh tế - xã hội quý III và 9 tháng năm 2026,NSO; published 2026-10-03; reference 9/2026; raw NSO_ACB_20261009_151954_294570_0.html
WDI_cpi_annual_ACB_20261009_151954_294570,https://api.worldbank.org/v2/country/VNM/indicator/FP.CPI.TOTL.ZG?format=json&per_page=20,2026-10-09T15:20:00.731688+07:00,cpi_annual,World Bank WDI annual; lastupdated not first release; historical/stale observations labeled
WDI_fx_annual_ACB_20261009_151954_294570,https://api.worldbank.org/v2/country/VNM/indicator/PA.NUS.FCRF?format=json&per_page=20,2026-10-09T15:20:00.743681+07:00,fx_annual,World Bank WDI annual; lastupdated not first release; historical/stale observations labeled
WDI_gdp_annual_ACB_20261009_151954_294570,https://api.worldbank.org/v2/country/VNM/indicator/NY.GDP.MKTP.KD.ZG?format=json&per_page=20,2026-10-09T15:20:00.701312+07:00,gdp_annual,World Bank WDI annual; lastupdated not first release; historical/stale observations labeled
WDI_lending_annual_ACB_20261009_151954_294570,https://api.worldbank.org/v2/country/VNM/indicator/FR.INR.LEND?format=json&per_page=20,2026-10-09T15:20:00.743681+07:00,lending_annual,World Bank WDI annual; lastupdated not first release; historical/stale observations labeled
SECTOR_8355_ACB_20261009_151954_294570,https://iq.vietcap.com.vn/api/iq-insight-service/v2/company/search-bar?language=1,2026-10-09T15:19:58.189691+07:00,Vietcap ICB; level 4; code 8355; Ngân hàng,Vietcap ICB; downloaded; current classification; ratings/targets/intraday quote fields excluded
PEER_VIB_balance_ACB_20261009_151954_294570,https://kbbuddywts.kbsec.com.vn/iis-server/investment/stock/finance-info/VIB?page=1&pageSize=4&unit=1000&termtype=1&type=CDKT&languageid=1,2026-10-09T15:20:01.374015+07:00,VIB balance,KBS annual peer snapshot; period and scope checked; not independently verified
PEER_VIB_income_ACB_20261009_151954_294570,https://kbbuddywts.kbsec.com.vn/iis-server/investment/stock/finance-info/VIB?page=1&pageSize=4&unit=1000&termtype=1&type=KQKD&languageid=1,2026-10-09T15:20:03.394713+07:00,VIB income,KBS annual peer snapshot; period and scope checked; not independently verified
PEER_VIB_cashflow_ACB_20261009_151954_294570,https://kbbuddywts.kbsec.com.vn/iis-server/investment/stock/finance-info/VIB?page=1&pageSize=4&unit=1000&termtype=1&type=LCTT&termType=1&code=VIB,2026-10-09T15:20:03.443133+07:00,VIB cashflow,KBS annual peer snapshot; period and scope checked; not independently verified
PEER_NAB_balance_ACB_20261009_151954_294570,https://kbbuddywts.kbsec.com.vn/iis-server/investment/stock/finance-info/NAB?page=1&pageSize=4&unit=1000&termtype=1&type=CDKT&languageid=1,2026-10-09T15:19:59.660508+07:00,NAB balance,KBS annual peer snapshot; period and scope checked; not independently verified
PEER_NAB_income_ACB_20261009_151954_294570,https://kbbuddywts.kbsec.com.vn/iis-server/investment/stock/finance-info/NAB?page=1&pageSize=4&unit=1000&termtype=1&type=KQKD&languageid=1,2026-10-09T15:20:03.346019+07:00,NAB income,KBS annual peer snapshot; period and scope checked; not independently verified
PEER_NAB_cashflow_ACB_20261009_151954_294570,https://kbbuddywts.kbsec.com.vn/iis-server/investment/stock/finance-info/NAB?page=1&pageSize=4&unit=1000&termtype=1&type=LCTT&termType=1&code=NAB,2026-10-09T15:20:03.408505+07:00,NAB cashflow,KBS annual peer snapshot; period and scope checked; not independently verified
YAHOO_HPG_20261009_152009_511905,https://query1.finance.yahoo.com/v8/finance/chart/HPG.VN?period1=1759942800&period2=1791478800&interval=1d&events=div%2Csplits,2026-10-09T15:20:09.870757+07:00,daily OHLCV,Raw snapshot: data/raw/prices/HPG_20261009_152009_511905_yahoo.json; VND; adjustment unverified; valid=True
HPG_9a2881a88ac8ca4c,data/raw/documents/20260828-hpg-bctc-hop-nhat-soat-xet-6-thang-2026-va-giai-trinh-1-2.pdf,2026-10-09T15:20:10.214886+07:00,whole PDF; metrics not extracted,Báo cáo tài chính hợp nhất soát xét 6 tháng 2026; published_at=2026-08-28; mode=local_cache_checked_sha256; source_url=https://file.hoaphat.com.vn/hoaphat-com-vn/2026/08/20260828-hpg-bctc-hop-nhat-soat-xet-6-thang-2026-va-giai-trinh-1-2.pdf; listing=https://www.hoaphat.com.vn/quan-he-co-dong/bao-cao-tai-chinh
HPG_1f5c4b14f867d268,data/raw/documents/20260730-hpg-bctc-hop-nhat-quy-2-2026-va-giai-trinh.pdf,2026-10-09T15:20:10.248603+07:00,whole PDF; metrics not extracted,Báo cáo tài chính hợp nhất Quý II/2026; published_at=2026-07-30; mode=local_cache_checked_sha256; source_url=https://file.hoaphat.com.vn/hoaphat-com-vn/2026/07/20260730-hpg-bctc-hop-nhat-quy-2-2026-va-giai-trinh.pdf; listing=https://www.hoaphat.com.vn/quan-he-co-dong/bao-cao-tai-chinh
KBS_balance_HPG_20261009_152009_511905,https://kbbuddywts.kbsec.com.vn/iis-server/investment/stock/finance-info/HPG?page=1&pageSize=4&unit=1000&termtype=1&type=CDKT&languageid=1,2026-10-09T15:20:11.143717+07:00,balance,Financial monetary values requested in thousand VND; EPS in VND/share
KBS_cashflow_HPG_20261009_152009_511905,https://kbbuddywts.kbsec.com.vn/iis-server/investment/stock/finance-info/HPG?page=1&pageSize=4&unit=1000&termtype=1&type=LCTT&termType=1&code=HPG,2026-10-09T15:20:10.976862+07:00,cashflow,Financial monetary values requested in thousand VND; EPS in VND/share
KBS_income_HPG_20261009_152009_511905,https://kbbuddywts.kbsec.com.vn/iis-server/investment/stock/finance-info/HPG?page=1&pageSize=4&unit=1000&termtype=1&type=KQKD&languageid=1,2026-10-09T15:20:10.824922+07:00,income,Financial monetary values requested in thousand VND; EPS in VND/share
KBS_news_HPG_20261009_152009_511905,https://kbbuddywts.kbsec.com.vn/iis-server/investment/stockinfo/news/HPG?l=1&p=1&s=12,2026-10-09T15:20:10.499059+07:00,news,Public source snapshot
KBS_price_check_HPG_20261009_152009_511905,https://kbbuddywts.kbsec.com.vn/iis-server/investment/stocks/HPG/data_day?sdate=24-08-2026&edate=08-10-2026,2026-10-09T15:20:10.476964+07:00,price_check,Public source snapshot
KBS_profile_HPG_20261009_152009_511905,https://kbbuddywts.kbsec.com.vn/iis-server/investment/stockinfo/profile/HPG?l=1,2026-10-09T15:20:10.546455+07:00,profile,Public source snapshot
MINER_balance_HPG_20261009_152009_511905,https://raw.githubusercontent.com/Tumiqa/vn-annual-report-miner/afa208bcf8c24a2b7eb5a1fd446084e376e8838a/src/arminer/data/bctc_data/balance_sheet/HSX.parquet,2026-10-09T13:57:46.163484+07:00,HSX/balance_sheet: HPG,Pinned afa208bcf8c24a2b7eb5a1fd446084e376e8838a; SHA256 11614209b73b90dec64a7e749db8ed65b0a40e865cb79a1d6e09187dba0972ba; reference only; publication/unit/scope not certified
MINER_income_HPG_20261009_152009_511905,https://raw.githubusercontent.com/Tumiqa/vn-annual-report-miner/afa208bcf8c24a2b7eb5a1fd446084e376e8838a/src/arminer/data/bctc_data/income_statement/HSX.parquet,2026-10-09T13:57:47.742202+07:00,HSX/income_statement: HPG,Pinned afa208bcf8c24a2b7eb5a1fd446084e376e8838a; SHA256 5c9c7061440150930caf84ef74f4390bdb6d70e1eb6bf55153cf2161e625c609; reference only; publication/unit/scope not certified
MINER_cashflow_HPG_20261009_152009_511905,https://raw.githubusercontent.com/Tumiqa/vn-annual-report-miner/afa208bcf8c24a2b7eb5a1fd446084e376e8838a/src/arminer/data/bctc_data/cash_flow/HSX.parquet,2026-10-09T13:57:48.776969+07:00,HSX/cash_flow: HPG,Pinned afa208bcf8c24a2b7eb5a1fd446084e376e8838a; SHA256 e4420f10ca57170de85c1ad2c2c6991ac64c11a2f326a5cc4a90263308625b16; reference only; publication/unit/scope not certified
MINER_catalog_HPG_20261009_152009_511905,https://raw.githubusercontent.com/Tumiqa/vn-annual-report-miner/afa208bcf8c24a2b7eb5a1fd446084e376e8838a/data/zenodo_catalog/file_index_full.csv,2026-10-09T13:57:49.970406+07:00,Annual-report catalog: HPG; original catalog release 2026-06-27,Pinned afa208bcf8c24a2b7eb5a1fd446084e376e8838a; SHA256 9d9d469900c5c9657c636d8785b1308eb5e650585f169e4716eb1415f55bfd7c; reference only; publication/unit/scope not certified
ZENODO_PDF_HPG_20261009_152009_511905,https://zenodo.org/records/20949551,2026-10-09T15:20:11.977408+07:00,HPG/HPG_25CN_BCTN.pdf,local_cache_checked_sha256; downloaded_at=None; catalog=https://zenodo.org/records/20949551; SHA256 verified f9fb0c11f2ae20fe6c4e2dad74417876e8e5119749b7dc2d6e951d8ee0f62171; report year 2025; original publication/scope not certified
VAL_PROFILE_NKG_HPG_20261009_152009_511905,https://kbbuddywts.kbsec.com.vn/iis-server/investment/stockinfo/profile/NKG?l=1,2026-10-09T15:20:19.545248+07:00,profile.KLCPLH,Current shares; annual equity held constant as an explicit scenario assumption
VAL_YAHOO_NKG_HPG_20261009_152009_511905,https://query1.finance.yahoo.com/v8/finance/chart/NKG.VN?period1=1787590800&period2=1791478800&interval=1d&events=div%2Csplits,2026-10-09T15:20:20.316059+07:00,2026-10-08,Only closing price on this date cross-checked; not full adjustment history
VAL_KBS_NKG_HPG_20261009_152009_511905,https://kbbuddywts.kbsec.com.vn/iis-server/investment/stocks/NKG/data_day?sdate=25-08-2026&edate=08-10-2026,2026-10-09T15:20:20.524732+07:00,2026-10-08,Only closing price on this date cross-checked; not full adjustment history
VAL_PROFILE_SHI_HPG_20261009_152009_511905,https://kbbuddywts.kbsec.com.vn/iis-server/investment/stockinfo/profile/SHI?l=1,2026-10-09T15:20:20.658393+07:00,profile.KLCPLH,Current shares; annual equity held constant as an explicit scenario assumption
VAL_YAHOO_SHI_HPG_20261009_152009_511905,https://query1.finance.yahoo.com/v8/finance/chart/SHI.VN?period1=1787590800&period2=1791478800&interval=1d&events=div%2Csplits,2026-10-09T15:20:21.399327+07:00,2026-10-08,Only closing price on this date cross-checked; not full adjustment history
VAL_KBS_SHI_HPG_20261009_152009_511905,https://kbbuddywts.kbsec.com.vn/iis-server/investment/stocks/SHI/data_day?sdate=25-08-2026&edate=08-10-2026,2026-10-09T15:20:21.587121+07:00,2026-10-08,Only closing price on this date cross-checked; not full adjustment history
NSO_HPG_20261009_152009_511905_0,https://www.nso.gov.vn/bai-top/2026/10/bao-cao-tinh-hinh-kinh-te-xa-hoi-quy-iii-va-9-thang-nam-2026/,2026-10-09T15:20:14.154888+07:00,Báo cáo tình hình kinh tế - xã hội quý III và 9 tháng năm 2026,NSO; published 2026-10-03; reference 9/2026; raw NSO_HPG_20261009_152009_511905_0.html
WDI_cpi_annual_HPG_20261009_152009_511905,https://api.worldbank.org/v2/country/VNM/indicator/FP.CPI.TOTL.ZG?format=json&per_page=20,2026-10-09T15:20:14.451188+07:00,cpi_annual,World Bank WDI annual; lastupdated not first release; historical/stale observations labeled
WDI_fx_annual_HPG_20261009_152009_511905,https://api.worldbank.org/v2/country/VNM/indicator/PA.NUS.FCRF?format=json&per_page=20,2026-10-09T15:20:14.451188+07:00,fx_annual,World Bank WDI annual; lastupdated not first release; historical/stale observations labeled
WDI_gdp_annual_HPG_20261009_152009_511905,https://api.worldbank.org/v2/country/VNM/indicator/NY.GDP.MKTP.KD.ZG?format=json&per_page=20,2026-10-09T15:20:14.498634+07:00,gdp_annual,World Bank WDI annual; lastupdated not first release; historical/stale observations labeled
WDI_lending_annual_HPG_20261009_152009_511905,https://api.worldbank.org/v2/country/VNM/indicator/FR.INR.LEND?format=json&per_page=20,2026-10-09T15:20:14.477865+07:00,lending_annual,World Bank WDI annual; lastupdated not first release; historical/stale observations labeled
SECTOR_1757_HPG_20261009_152009_511905,https://iq.vietcap.com.vn/api/iq-insight-service/v2/company/search-bar?language=1,2026-10-09T15:19:58.189691+07:00,Vietcap ICB; level 4; code 1757; Thép và sản phẩm thép,Vietcap ICB; cache_under_1h; current classification; ratings/targets/intraday quote fields excluded
PEER_TVN_balance_HPG_20261009_152009_511905,https://kbbuddywts.kbsec.com.vn/iis-server/investment/stock/finance-info/TVN?page=1&pageSize=4&unit=1000&termtype=1&type=CDKT&languageid=1,2026-10-09T15:20:17.879149+07:00,TVN balance,KBS annual peer snapshot; period and scope checked; not independently verified
PEER_TVN_income_HPG_20261009_152009_511905,https://kbbuddywts.kbsec.com.vn/iis-server/investment/stock/finance-info/TVN?page=1&pageSize=4&unit=1000&termtype=1&type=KQKD&languageid=1,2026-10-09T15:20:18.824675+07:00,TVN income,KBS annual peer snapshot; period and scope checked; not independently verified
PEER_TVN_cashflow_HPG_20261009_152009_511905,https://kbbuddywts.kbsec.com.vn/iis-server/investment/stock/finance-info/TVN?page=1&pageSize=4&unit=1000&termtype=1&type=LCTT&termType=1&code=TVN,2026-10-09T15:20:18.906432+07:00,TVN cashflow,KBS annual peer snapshot; period and scope checked; not independently verified
PEER_NKG_balance_HPG_20261009_152009_511905,https://kbbuddywts.kbsec.com.vn/iis-server/investment/stock/finance-info/NKG?page=1&pageSize=4&unit=1000&termtype=1&type=CDKT&languageid=1,2026-10-09T15:20:14.677947+07:00,NKG balance,KBS annual peer snapshot; period and scope checked; not independently verified
PEER_NKG_income_HPG_20261009_152009_511905,https://kbbuddywts.kbsec.com.vn/iis-server/investment/stock/finance-info/NKG?page=1&pageSize=4&unit=1000&termtype=1&type=KQKD&languageid=1,2026-10-09T15:20:18.773318+07:00,NKG income,KBS annual peer snapshot; period and scope checked; not independently verified
PEER_NKG_cashflow_HPG_20261009_152009_511905,https://kbbuddywts.kbsec.com.vn/iis-server/investment/stock/finance-info/NKG?page=1&pageSize=4&unit=1000&termtype=1&type=LCTT&termType=1&code=NKG,2026-10-09T15:20:18.878873+07:00,NKG cashflow,KBS annual peer snapshot; period and scope checked; not independently verified
PEER_GDA_balance_HPG_20261009_152009_511905,https://kbbuddywts.kbsec.com.vn/iis-server/investment/stock/finance-info/GDA?page=1&pageSize=4&unit=1000&termtype=1&type=CDKT&languageid=1,2026-10-09T15:20:13.344694+07:00,GDA balance,KBS annual peer snapshot; period and scope checked; not independently verified
PEER_GDA_income_HPG_20261009_152009_511905,https://kbbuddywts.kbsec.com.vn/iis-server/investment/stock/finance-info/GDA?page=1&pageSize=4&unit=1000&termtype=1&type=KQKD&languageid=1,2026-10-09T15:20:18.774320+07:00,GDA income,KBS annual peer snapshot; period and scope checked; not independently verified
PEER_GDA_cashflow_HPG_20261009_152009_511905,https://kbbuddywts.kbsec.com.vn/iis-server/investment/stock/finance-info/GDA?page=1&pageSize=4&unit=1000&termtype=1&type=LCTT&termType=1&code=GDA,2026-10-09T15:20:19.193039+07:00,GDA cashflow,KBS annual peer snapshot; period and scope checked; not independently verified
PEER_SHI_balance_HPG_20261009_152009_511905,https://kbbuddywts.kbsec.com.vn/iis-server/investment/stock/finance-info/SHI?page=1&pageSize=4&unit=1000&termtype=1&type=CDKT&languageid=1,2026-10-09T15:20:15.324026+07:00,SHI balance,KBS annual peer snapshot; period and scope checked; not independently verified
PEER_SHI_income_HPG_20261009_152009_511905,https://kbbuddywts.kbsec.com.vn/iis-server/investment/stock/finance-info/SHI?page=1&pageSize=4&unit=1000&termtype=1&type=KQKD&languageid=1,2026-10-09T15:20:19.045550+07:00,SHI income,KBS annual peer snapshot; period and scope checked; not independently verified
PEER_SHI_cashflow_HPG_20261009_152009_511905,https://kbbuddywts.kbsec.com.vn/iis-server/investment/stock/finance-info/SHI?page=1&pageSize=4&unit=1000&termtype=1&type=LCTT&termType=1&code=SHI,2026-10-09T15:20:19.274943+07:00,SHI cashflow,KBS annual peer snapshot; period and scope checked; not independently verified
YAHOO_VNM_20261009_152023_234377,https://query1.finance.yahoo.com/v8/finance/chart/VNM.VN?period1=1759942800&period2=1791478800&interval=1d&events=div%2Csplits,2026-10-09T15:20:24.261179+07:00,daily OHLCV,Raw snapshot: data/raw/prices/VNM_20261009_152023_234377_yahoo.json; VND; adjustment unverified; valid=True
KBS_balance_VNM_20261009_152023_234377,https://kbbuddywts.kbsec.com.vn/iis-server/investment/stock/finance-info/VNM?page=1&pageSize=4&unit=1000&termtype=1&type=CDKT&languageid=1,2026-10-09T15:20:25.169186+07:00,balance,Financial monetary values requested in thousand VND; EPS in VND/share
KBS_cashflow_VNM_20261009_152023_234377,https://kbbuddywts.kbsec.com.vn/iis-server/investment/stock/finance-info/VNM?page=1&pageSize=4&unit=1000&termtype=1&type=LCTT&termType=1&code=VNM,2026-10-09T15:20:24.964846+07:00,cashflow,Financial monetary values requested in thousand VND; EPS in VND/share
KBS_income_VNM_20261009_152023_234377,https://kbbuddywts.kbsec.com.vn/iis-server/investment/stock/finance-info/VNM?page=1&pageSize=4&unit=1000&termtype=1&type=KQKD&languageid=1,2026-10-09T15:20:24.816315+07:00,income,Financial monetary values requested in thousand VND; EPS in VND/share
KBS_news_VNM_20261009_152023_234377,https://kbbuddywts.kbsec.com.vn/iis-server/investment/stockinfo/news/VNM?l=1&p=1&s=12,2026-10-09T15:20:24.508941+07:00,news,Public source snapshot
KBS_price_check_VNM_20261009_152023_234377,https://kbbuddywts.kbsec.com.vn/iis-server/investment/stocks/VNM/data_day?sdate=24-08-2026&edate=08-10-2026,2026-10-09T15:20:24.509940+07:00,price_check,Public source snapshot
KBS_profile_VNM_20261009_152023_234377,https://kbbuddywts.kbsec.com.vn/iis-server/investment/stockinfo/profile/VNM?l=1,2026-10-09T15:20:24.509940+07:00,profile,Public source snapshot
MINER_balance_VNM_20261009_152023_234377,https://raw.githubusercontent.com/Tumiqa/vn-annual-report-miner/afa208bcf8c24a2b7eb5a1fd446084e376e8838a/src/arminer/data/bctc_data/balance_sheet/HSX.parquet,2026-10-09T13:57:46.163484+07:00,HSX/balance_sheet: VNM,Pinned afa208bcf8c24a2b7eb5a1fd446084e376e8838a; SHA256 11614209b73b90dec64a7e749db8ed65b0a40e865cb79a1d6e09187dba0972ba; reference only; publication/unit/scope not certified
MINER_income_VNM_20261009_152023_234377,https://raw.githubusercontent.com/Tumiqa/vn-annual-report-miner/afa208bcf8c24a2b7eb5a1fd446084e376e8838a/src/arminer/data/bctc_data/income_statement/HSX.parquet,2026-10-09T13:57:47.742202+07:00,HSX/income_statement: VNM,Pinned afa208bcf8c24a2b7eb5a1fd446084e376e8838a; SHA256 5c9c7061440150930caf84ef74f4390bdb6d70e1eb6bf55153cf2161e625c609; reference only; publication/unit/scope not certified
MINER_cashflow_VNM_20261009_152023_234377,https://raw.githubusercontent.com/Tumiqa/vn-annual-report-miner/afa208bcf8c24a2b7eb5a1fd446084e376e8838a/src/arminer/data/bctc_data/cash_flow/HSX.parquet,2026-10-09T13:57:48.776969+07:00,HSX/cash_flow: VNM,Pinned afa208bcf8c24a2b7eb5a1fd446084e376e8838a; SHA256 e4420f10ca57170de85c1ad2c2c6991ac64c11a2f326a5cc4a90263308625b16; reference only; publication/unit/scope not certified
MINER_catalog_VNM_20261009_152023_234377,https://raw.githubusercontent.com/Tumiqa/vn-annual-report-miner/afa208bcf8c24a2b7eb5a1fd446084e376e8838a/data/zenodo_catalog/file_index_full.csv,2026-10-09T13:57:49.970406+07:00,Annual-report catalog: VNM; original catalog release 2026-06-27,Pinned afa208bcf8c24a2b7eb5a1fd446084e376e8838a; SHA256 9d9d469900c5c9657c636d8785b1308eb5e650585f169e4716eb1415f55bfd7c; reference only; publication/unit/scope not certified
ZENODO_PDF_VNM_20261009_152023_234377,https://cafef1.mediacdn.vn/Images/Uploaded/DuLieuDownload/BCTC/VNM_25CN_BCTN.pdf,2026-10-09T15:20:25.955641+07:00,VNM/VNM_25CN_BCTN.pdf,local_cache_checked_sha256; downloaded_at=2026-10-09T14:11:03.507550+07:00; catalog=https://zenodo.org/records/20949551; SHA256 verified eed9e92676f7a5e8d67f6e82b6c6c32644a68012fe6cf99cd9d61d6bb783814f; report year 2025; original publication/scope not certified
VAL_PROFILE_MCH_VNM_20261009_152023_234377,https://kbbuddywts.kbsec.com.vn/iis-server/investment/stockinfo/profile/MCH?l=1,2026-10-09T15:20:34.590091+07:00,profile.KLCPLH,Current shares; annual equity held constant as an explicit scenario assumption
VAL_YAHOO_MCH_VNM_20261009_152023_234377,https://query1.finance.yahoo.com/v8/finance/chart/MCH.VN?period1=1787590800&period2=1791478800&interval=1d&events=div%2Csplits,2026-10-09T15:20:35.304981+07:00,2026-10-08,Only closing price on this date cross-checked; not full adjustment history
VAL_KBS_MCH_VNM_20261009_152023_234377,https://kbbuddywts.kbsec.com.vn/iis-server/investment/stocks/MCH/data_day?sdate=25-08-2026&edate=08-10-2026,2026-10-09T15:20:35.485036+07:00,2026-10-08,Only closing price on this date cross-checked; not full adjustment history
VAL_PROFILE_PAN_VNM_20261009_152023_234377,https://kbbuddywts.kbsec.com.vn/iis-server/investment/stockinfo/profile/PAN?l=1,2026-10-09T15:20:34.579160+07:00,profile.KLCPLH,Current shares; annual equity held constant as an explicit scenario assumption
VAL_YAHOO_PAN_VNM_20261009_152023_234377,https://query1.finance.yahoo.com/v8/finance/chart/PAN.VN?period1=1787590800&period2=1791478800&interval=1d&events=div%2Csplits,2026-10-09T15:20:35.273504+07:00,2026-10-08,Only closing price on this date cross-checked; not full adjustment history
VAL_KBS_PAN_VNM_20261009_152023_234377,https://kbbuddywts.kbsec.com.vn/iis-server/investment/stocks/PAN/data_day?sdate=25-08-2026&edate=08-10-2026,2026-10-09T15:20:35.516648+07:00,2026-10-08,Only closing price on this date cross-checked; not full adjustment history
VAL_PROFILE_KDC_VNM_20261009_152023_234377,https://kbbuddywts.kbsec.com.vn/iis-server/investment/stockinfo/profile/KDC?l=1,2026-10-09T15:20:35.558564+07:00,profile.KLCPLH,Current shares; annual equity held constant as an explicit scenario assumption
VAL_YAHOO_KDC_VNM_20261009_152023_234377,https://query1.finance.yahoo.com/v8/finance/chart/KDC.VN?period1=1787590800&period2=1791478800&interval=1d&events=div%2Csplits,2026-10-09T15:20:36.336499+07:00,2026-10-08,Only closing price on this date cross-checked; not full adjustment history
VAL_KBS_KDC_VNM_20261009_152023_234377,https://kbbuddywts.kbsec.com.vn/iis-server/investment/stocks/KDC/data_day?sdate=25-08-2026&edate=08-10-2026,2026-10-09T15:20:36.543443+07:00,2026-10-08,Only closing price on this date cross-checked; not full adjustment history
NSO_VNM_20261009_152023_234377_0,https://www.nso.gov.vn/bai-top/2026/10/bao-cao-tinh-hinh-kinh-te-xa-hoi-quy-iii-va-9-thang-nam-2026/,2026-10-09T15:20:28.389325+07:00,Báo cáo tình hình kinh tế - xã hội quý III và 9 tháng năm 2026,NSO; published 2026-10-03; reference 9/2026; raw NSO_VNM_20261009_152023_234377_0.html
WDI_cpi_annual_VNM_20261009_152023_234377,https://api.worldbank.org/v2/country/VNM/indicator/FP.CPI.TOTL.ZG?format=json&per_page=20,2026-10-09T15:20:28.686621+07:00,cpi_annual,World Bank WDI annual; lastupdated not first release; historical/stale observations labeled
WDI_fx_annual_VNM_20261009_152023_234377,https://api.worldbank.org/v2/country/VNM/indicator/PA.NUS.FCRF?format=json&per_page=20,2026-10-09T15:20:28.639019+07:00,fx_annual,World Bank WDI annual; lastupdated not first release; historical/stale observations labeled
WDI_gdp_annual_VNM_20261009_152023_234377,https://api.worldbank.org/v2/country/VNM/indicator/NY.GDP.MKTP.KD.ZG?format=json&per_page=20,2026-10-09T15:20:28.700316+07:00,gdp_annual,World Bank WDI annual; lastupdated not first release; historical/stale observations labeled
WDI_lending_annual_VNM_20261009_152023_234377,https://api.worldbank.org/v2/country/VNM/indicator/FR.INR.LEND?format=json&per_page=20,2026-10-09T15:20:28.686621+07:00,lending_annual,World Bank WDI annual; lastupdated not first release; historical/stale observations labeled
SECTOR_3577_VNM_20261009_152023_234377,https://iq.vietcap.com.vn/api/iq-insight-service/v2/company/search-bar?language=1,2026-10-09T15:19:58.189691+07:00,Vietcap ICB; level 4; code 3577; Thực phẩm,Vietcap ICB; cache_under_1h; current classification; ratings/targets/intraday quote fields excluded
PEER_MCH_balance_VNM_20261009_152023_234377,https://kbbuddywts.kbsec.com.vn/iis-server/investment/stock/finance-info/MCH?page=1&pageSize=4&unit=1000&termtype=1&type=CDKT&languageid=1,2026-10-09T15:20:30.796892+07:00,MCH balance,KBS annual peer snapshot; period and scope checked; not independently verified
PEER_MCH_income_VNM_20261009_152023_234377,https://kbbuddywts.kbsec.com.vn/iis-server/investment/stock/finance-info/MCH?page=1&pageSize=4&unit=1000&termtype=1&type=KQKD&languageid=1,2026-10-09T15:20:33.861252+07:00,MCH income,KBS annual peer snapshot; period and scope checked; not independently verified
PEER_MCH_cashflow_VNM_20261009_152023_234377,https://kbbuddywts.kbsec.com.vn/iis-server/investment/stock/finance-info/MCH?page=1&pageSize=4&unit=1000&termtype=1&type=LCTT&termType=1&code=MCH,2026-10-09T15:20:33.946406+07:00,MCH cashflow,KBS annual peer snapshot; period and scope checked; not independently verified
PEER_PAN_balance_VNM_20261009_152023_234377,https://kbbuddywts.kbsec.com.vn/iis-server/investment/stock/finance-info/PAN?page=1&pageSize=4&unit=1000&termtype=1&type=CDKT&languageid=1,2026-10-09T15:20:32.033504+07:00,PAN balance,KBS annual peer snapshot; period and scope checked; not independently verified
PEER_PAN_income_VNM_20261009_152023_234377,https://kbbuddywts.kbsec.com.vn/iis-server/investment/stock/finance-info/PAN?page=1&pageSize=4&unit=1000&termtype=1&type=KQKD&languageid=1,2026-10-09T15:20:33.895085+07:00,PAN income,KBS annual peer snapshot; period and scope checked; not independently verified
PEER_PAN_cashflow_VNM_20261009_152023_234377,https://kbbuddywts.kbsec.com.vn/iis-server/investment/stock/finance-info/PAN?page=1&pageSize=4&unit=1000&termtype=1&type=LCTT&termType=1&code=PAN,2026-10-09T15:20:33.962204+07:00,PAN cashflow,KBS annual peer snapshot; period and scope checked; not independently verified
PEER_QNS_balance_VNM_20261009_152023_234377,https://kbbuddywts.kbsec.com.vn/iis-server/investment/stock/finance-info/QNS?page=1&pageSize=4&unit=1000&termtype=1&type=CDKT&languageid=1,2026-10-09T15:20:32.064730+07:00,QNS balance,KBS annual peer snapshot; period and scope checked; not independently verified
PEER_QNS_income_VNM_20261009_152023_234377,https://kbbuddywts.kbsec.com.vn/iis-server/investment/stock/finance-info/QNS?page=1&pageSize=4&unit=1000&termtype=1&type=KQKD&languageid=1,2026-10-09T15:20:33.877033+07:00,QNS income,KBS annual peer snapshot; period and scope checked; not independently verified
PEER_QNS_cashflow_VNM_20261009_152023_234377,https://kbbuddywts.kbsec.com.vn/iis-server/investment/stock/finance-info/QNS?page=1&pageSize=4&unit=1000&termtype=1&type=LCTT&termType=1&code=QNS,2026-10-09T15:20:34.370393+07:00,QNS cashflow,KBS annual peer snapshot; period and scope checked; not independently verified
PEER_KDC_balance_VNM_20261009_152023_234377,https://kbbuddywts.kbsec.com.vn/iis-server/investment/stock/finance-info/KDC?page=1&pageSize=4&unit=1000&termtype=1&type=CDKT&languageid=1,2026-10-09T15:20:29.968318+07:00,KDC balance,KBS annual peer snapshot; period and scope checked; not independently verified
PEER_KDC_income_VNM_20261009_152023_234377,https://kbbuddywts.kbsec.com.vn/iis-server/investment/stock/finance-info/KDC?page=1&pageSize=4&unit=1000&termtype=1&type=KQKD&languageid=1,2026-10-09T15:20:34.241414+07:00,KDC income,KBS annual peer snapshot; period and scope checked; not independently verified
PEER_KDC_cashflow_VNM_20261009_152023_234377,https://kbbuddywts.kbsec.com.vn/iis-server/investment/stock/finance-info/KDC?page=1&pageSize=4&unit=1000&termtype=1&type=LCTT&termType=1&code=KDC,2026-10-09T15:20:34.370393+07:00,KDC cashflow,KBS annual peer snapshot; period and scope checked; not independently verified
YAHOO_ACB_20261009_152949_776563,https://query1.finance.yahoo.com/v8/finance/chart/ACB.VN?period1=1458406800&period2=1791478800&interval=1d&events=div%2Csplits,2026-10-09T15:29:50.680958+07:00,daily OHLCV,Raw snapshot: data/raw/prices/ACB_20261009_152949_776563_yahoo.json; VND; adjustment unverified; valid=False
KBS_ACB_20261009_152949_776563,https://kbbuddywts.kbsec.com.vn/iis-server/investment/stocks/ACB/data_day?sdate=20-03-2016&edate=08-10-2026,2026-10-09T15:29:51.212026+07:00,daily OHLCV,Raw snapshot: data/raw/prices/ACB_20261009_152949_776563_kbs.json; VND; adjustment unverified; valid=True
KBS_balance_ACB_20261009_152949_776563,https://kbbuddywts.kbsec.com.vn/iis-server/investment/stock/finance-info/ACB?page=1&pageSize=4&unit=1000&termtype=1&type=CDKT&languageid=1,2026-10-09T15:29:51.801906+07:00,balance,Financial monetary values requested in thousand VND; EPS in VND/share
KBS_cashflow_ACB_20261009_152949_776563,https://kbbuddywts.kbsec.com.vn/iis-server/investment/stock/finance-info/ACB?page=1&pageSize=4&unit=1000&termtype=1&type=LCTT&termType=1&code=ACB,2026-10-09T15:29:51.844029+07:00,cashflow,Financial monetary values requested in thousand VND; EPS in VND/share
KBS_income_ACB_20261009_152949_776563,https://kbbuddywts.kbsec.com.vn/iis-server/investment/stock/finance-info/ACB?page=1&pageSize=4&unit=1000&termtype=1&type=KQKD&languageid=1,2026-10-09T15:29:51.692136+07:00,income,Financial monetary values requested in thousand VND; EPS in VND/share
KBS_news_ACB_20261009_152949_776563,https://kbbuddywts.kbsec.com.vn/iis-server/investment/stockinfo/news/ACB?l=1&p=1&s=12,2026-10-09T15:29:51.455570+07:00,news,Public source snapshot
KBS_price_check_ACB_20261009_152949_776563,https://query1.finance.yahoo.com/v8/finance/chart/ACB.VN?period1=1787504400&period2=1791478800&interval=1d&events=div%2Csplits,2026-10-09T15:29:51.513866+07:00,price_check,Public source snapshot
KBS_profile_ACB_20261009_152949_776563,https://kbbuddywts.kbsec.com.vn/iis-server/investment/stockinfo/profile/ACB?l=1,2026-10-09T15:29:51.486503+07:00,profile,Public source snapshot
MINER_balance_ACB_20261009_152949_776563,https://raw.githubusercontent.com/Tumiqa/vn-annual-report-miner/afa208bcf8c24a2b7eb5a1fd446084e376e8838a/src/arminer/data/bctc_data/balance_sheet/HSX.parquet,2026-10-09T13:57:46.163484+07:00,HSX/balance_sheet: ACB,Pinned afa208bcf8c24a2b7eb5a1fd446084e376e8838a; SHA256 11614209b73b90dec64a7e749db8ed65b0a40e865cb79a1d6e09187dba0972ba; reference only; publication/unit/scope not certified
MINER_income_ACB_20261009_152949_776563,https://raw.githubusercontent.com/Tumiqa/vn-annual-report-miner/afa208bcf8c24a2b7eb5a1fd446084e376e8838a/src/arminer/data/bctc_data/income_statement/HSX.parquet,2026-10-09T13:57:47.742202+07:00,HSX/income_statement: ACB,Pinned afa208bcf8c24a2b7eb5a1fd446084e376e8838a; SHA256 5c9c7061440150930caf84ef74f4390bdb6d70e1eb6bf55153cf2161e625c609; reference only; publication/unit/scope not certified
MINER_cashflow_ACB_20261009_152949_776563,https://raw.githubusercontent.com/Tumiqa/vn-annual-report-miner/afa208bcf8c24a2b7eb5a1fd446084e376e8838a/src/arminer/data/bctc_data/cash_flow/HSX.parquet,2026-10-09T13:57:48.776969+07:00,HSX/cash_flow: ACB,Pinned afa208bcf8c24a2b7eb5a1fd446084e376e8838a; SHA256 e4420f10ca57170de85c1ad2c2c6991ac64c11a2f326a5cc4a90263308625b16; reference only; publication/unit/scope not certified
MINER_catalog_ACB_20261009_152949_776563,https://raw.githubusercontent.com/Tumiqa/vn-annual-report-miner/afa208bcf8c24a2b7eb5a1fd446084e376e8838a/data/zenodo_catalog/file_index_full.csv,2026-10-09T13:57:49.970406+07:00,Annual-report catalog: ACB; original catalog release 2026-06-27,Pinned afa208bcf8c24a2b7eb5a1fd446084e376e8838a; SHA256 9d9d469900c5c9657c636d8785b1308eb5e650585f169e4716eb1415f55bfd7c; reference only; publication/unit/scope not certified
ZENODO_PDF_ACB_20261009_152949_776563,https://cafef1.mediacdn.vn/Images/Uploaded/DuLieuDownload/BCTC/ACB_25CN_BCTN.pdf,2026-10-09T15:29:52.732588+07:00,ACB/ACB_25CN_BCTN.pdf,local_cache_checked_sha256; downloaded_at=2026-10-09T14:33:13.420399+07:00; catalog=https://zenodo.org/records/20949551; SHA256 verified bf983a7f9569e2ffba84a81ccaff6d03762f1a7097aabe2ce26091496281771b; report year 2025; original publication/scope not certified
VAL_PROFILE_VIB_ACB_20261009_152949_776563,https://kbbuddywts.kbsec.com.vn/iis-server/investment/stockinfo/profile/VIB?l=1,2026-10-09T15:29:55.616398+07:00,profile.KLCPLH,Current shares; annual equity held constant as an explicit scenario assumption
VAL_YAHOO_VIB_ACB_20261009_152949_776563,https://query1.finance.yahoo.com/v8/finance/chart/VIB.VN?period1=1787590800&period2=1791478800&interval=1d&events=div%2Csplits,2026-10-09T15:29:55.849582+07:00,2026-10-08,Only closing price on this date cross-checked; not full adjustment history
VAL_KBS_VIB_ACB_20261009_152949_776563,https://kbbuddywts.kbsec.com.vn/iis-server/investment/stocks/VIB/data_day?sdate=25-08-2026&edate=08-10-2026,2026-10-09T15:29:56.035527+07:00,2026-10-08,Only closing price on this date cross-checked; not full adjustment history
VAL_PROFILE_NAB_ACB_20261009_152949_776563,https://kbbuddywts.kbsec.com.vn/iis-server/investment/stockinfo/profile/NAB?l=1,2026-10-09T15:29:55.616398+07:00,profile.KLCPLH,Current shares; annual equity held constant as an explicit scenario assumption
VAL_YAHOO_NAB_ACB_20261009_152949_776563,https://query1.finance.yahoo.com/v8/finance/chart/NAB.VN?period1=1787590800&period2=1791478800&interval=1d&events=div%2Csplits,2026-10-09T15:29:55.828810+07:00,2026-10-08,Only closing price on this date cross-checked; not full adjustment history
VAL_KBS_NAB_ACB_20261009_152949_776563,https://kbbuddywts.kbsec.com.vn/iis-server/investment/stocks/NAB/data_day?sdate=25-08-2026&edate=08-10-2026,2026-10-09T15:29:56.035527+07:00,2026-10-08,Only closing price on this date cross-checked; not full adjustment history
NSO_ACB_20261009_152949_776563_0,https://www.nso.gov.vn/bai-top/2026/10/bao-cao-tinh-hinh-kinh-te-xa-hoi-quy-iii-va-9-thang-nam-2026/,2026-10-09T15:29:55.037725+07:00,Báo cáo tình hình kinh tế - xã hội quý III và 9 tháng năm 2026,NSO; published 2026-10-03; reference 9/2026; raw NSO_ACB_20261009_152949_776563_0.html
WDI_cpi_annual_ACB_20261009_152949_776563,https://api.worldbank.org/v2/country/VNM/indicator/FP.CPI.TOTL.ZG?format=json&per_page=20,2026-10-09T15:29:55.405661+07:00,cpi_annual,World Bank WDI annual; lastupdated not first release; historical/stale observations labeled
WDI_fx_annual_ACB_20261009_152949_776563,https://api.worldbank.org/v2/country/VNM/indicator/PA.NUS.FCRF?format=json&per_page=20,2026-10-09T15:29:55.390540+07:00,fx_annual,World Bank WDI annual; lastupdated not first release; historical/stale observations labeled
WDI_gdp_annual_ACB_20261009_152949_776563,https://api.worldbank.org/v2/country/VNM/indicator/NY.GDP.MKTP.KD.ZG?format=json&per_page=20,2026-10-09T15:29:55.335327+07:00,gdp_annual,World Bank WDI annual; lastupdated not first release; historical/stale observations labeled
WDI_lending_annual_ACB_20261009_152949_776563,https://api.worldbank.org/v2/country/VNM/indicator/FR.INR.LEND?format=json&per_page=20,2026-10-09T15:29:55.405661+07:00,lending_annual,World Bank WDI annual; lastupdated not first release; historical/stale observations labeled
SECTOR_8355_ACB_20261009_152949_776563,https://iq.vietcap.com.vn/api/iq-insight-service/v2/company/search-bar?language=1,2026-10-09T15:19:58.189691+07:00,Vietcap ICB; level 4; code 8355; Ngân hàng,Vietcap ICB; cache_under_1h; current classification; ratings/targets/intraday quote fields excluded
PEER_VIB_balance_ACB_20261009_152949_776563,https://kbbuddywts.kbsec.com.vn/iis-server/investment/stock/finance-info/VIB?page=1&pageSize=4&unit=1000&termtype=1&type=CDKT&languageid=1,2026-10-09T15:29:54.905503+07:00,VIB balance,KBS annual peer snapshot; period and scope checked; not independently verified
PEER_VIB_income_ACB_20261009_152949_776563,https://kbbuddywts.kbsec.com.vn/iis-server/investment/stock/finance-info/VIB?page=1&pageSize=4&unit=1000&termtype=1&type=KQKD&languageid=1,2026-10-09T15:29:55.204560+07:00,VIB income,KBS annual peer snapshot; period and scope checked; not independently verified
PEER_VIB_cashflow_ACB_20261009_152949_776563,https://kbbuddywts.kbsec.com.vn/iis-server/investment/stock/finance-info/VIB?page=1&pageSize=4&unit=1000&termtype=1&type=LCTT&termType=1&code=VIB,2026-10-09T15:29:55.271975+07:00,VIB cashflow,KBS annual peer snapshot; period and scope checked; not independently verified
PEER_NAB_balance_ACB_20261009_152949_776563,https://kbbuddywts.kbsec.com.vn/iis-server/investment/stock/finance-info/NAB?page=1&pageSize=4&unit=1000&termtype=1&type=CDKT&languageid=1,2026-10-09T15:29:53.901936+07:00,NAB balance,KBS annual peer snapshot; period and scope checked; not independently verified
PEER_NAB_income_ACB_20261009_152949_776563,https://kbbuddywts.kbsec.com.vn/iis-server/investment/stock/finance-info/NAB?page=1&pageSize=4&unit=1000&termtype=1&type=KQKD&languageid=1,2026-10-09T15:29:55.204560+07:00,NAB income,KBS annual peer snapshot; period and scope checked; not independently verified
PEER_NAB_cashflow_ACB_20261009_152949_776563,https://kbbuddywts.kbsec.com.vn/iis-server/investment/stock/finance-info/NAB?page=1&pageSize=4&unit=1000&termtype=1&type=LCTT&termType=1&code=NAB,2026-10-09T15:29:55.273685+07:00,NAB cashflow,KBS annual peer snapshot; period and scope checked; not independently verified
YAHOO_ACB_20261009_154413_444233,https://query1.finance.yahoo.com/v8/finance/chart/ACB.VN?period1=1458406800&period2=1791478800&interval=1d&events=div%2Csplits,2026-10-09T15:44:13.950591+07:00,daily OHLCV,Raw snapshot: data/raw/prices/ACB_20261009_154413_444233_yahoo.json; VND; adjustment unverified; valid=False
KBS_ACB_20261009_154413_444233,https://kbbuddywts.kbsec.com.vn/iis-server/investment/stocks/ACB/data_day?sdate=20-03-2016&edate=08-10-2026,2026-10-09T15:44:14.704890+07:00,daily OHLCV,Raw snapshot: data/raw/prices/ACB_20261009_154413_444233_kbs.json; VND; adjustment unverified; valid=True
KBS_balance_ACB_20261009_154413_444233,https://kbbuddywts.kbsec.com.vn/iis-server/investment/stock/finance-info/ACB?page=1&pageSize=4&unit=1000&termtype=1&type=CDKT&languageid=1,2026-10-09T15:44:15.309036+07:00,balance,Financial monetary values requested in thousand VND; EPS in VND/share
KBS_cashflow_ACB_20261009_154413_444233,https://kbbuddywts.kbsec.com.vn/iis-server/investment/stock/finance-info/ACB?page=1&pageSize=4&unit=1000&termtype=1&type=LCTT&termType=1&code=ACB,2026-10-09T15:44:15.276708+07:00,cashflow,Financial monetary values requested in thousand VND; EPS in VND/share
KBS_income_ACB_20261009_154413_444233,https://kbbuddywts.kbsec.com.vn/iis-server/investment/stock/finance-info/ACB?page=1&pageSize=4&unit=1000&termtype=1&type=KQKD&languageid=1,2026-10-09T15:44:15.241982+07:00,income,Financial monetary values requested in thousand VND; EPS in VND/share
KBS_news_ACB_20261009_154413_444233,https://kbbuddywts.kbsec.com.vn/iis-server/investment/stockinfo/news/ACB?l=1&p=1&s=12,2026-10-09T15:44:14.974870+07:00,news,Public source snapshot
KBS_profile_ACB_20261009_154413_444233,https://kbbuddywts.kbsec.com.vn/iis-server/investment/stockinfo/profile/ACB?l=1,2026-10-09T15:44:14.977876+07:00,profile,Public source snapshot
YAHOO_price_check_ACB_20261009_154413_444233,https://query1.finance.yahoo.com/v8/finance/chart/ACB.VN?period1=1787504400&period2=1791478800&interval=1d&events=div%2Csplits,2026-10-09T15:44:14.968813+07:00,price_check,Public source snapshot
MINER_balance_ACB_20261009_154413_444233,https://raw.githubusercontent.com/Tumiqa/vn-annual-report-miner/afa208bcf8c24a2b7eb5a1fd446084e376e8838a/src/arminer/data/bctc_data/balance_sheet/HSX.parquet,2026-10-09T13:57:46.163484+07:00,HSX/balance_sheet: ACB,Pinned afa208bcf8c24a2b7eb5a1fd446084e376e8838a; SHA256 11614209b73b90dec64a7e749db8ed65b0a40e865cb79a1d6e09187dba0972ba; reference only; publication/unit/scope not certified
MINER_income_ACB_20261009_154413_444233,https://raw.githubusercontent.com/Tumiqa/vn-annual-report-miner/afa208bcf8c24a2b7eb5a1fd446084e376e8838a/src/arminer/data/bctc_data/income_statement/HSX.parquet,2026-10-09T13:57:47.742202+07:00,HSX/income_statement: ACB,Pinned afa208bcf8c24a2b7eb5a1fd446084e376e8838a; SHA256 5c9c7061440150930caf84ef74f4390bdb6d70e1eb6bf55153cf2161e625c609; reference only; publication/unit/scope not certified
MINER_cashflow_ACB_20261009_154413_444233,https://raw.githubusercontent.com/Tumiqa/vn-annual-report-miner/afa208bcf8c24a2b7eb5a1fd446084e376e8838a/src/arminer/data/bctc_data/cash_flow/HSX.parquet,2026-10-09T13:57:48.776969+07:00,HSX/cash_flow: ACB,Pinned afa208bcf8c24a2b7eb5a1fd446084e376e8838a; SHA256 e4420f10ca57170de85c1ad2c2c6991ac64c11a2f326a5cc4a90263308625b16; reference only; publication/unit/scope not certified
MINER_catalog_ACB_20261009_154413_444233,https://raw.githubusercontent.com/Tumiqa/vn-annual-report-miner/afa208bcf8c24a2b7eb5a1fd446084e376e8838a/data/zenodo_catalog/file_index_full.csv,2026-10-09T13:57:49.970406+07:00,Annual-report catalog: ACB; original catalog release 2026-06-27,Pinned afa208bcf8c24a2b7eb5a1fd446084e376e8838a; SHA256 9d9d469900c5c9657c636d8785b1308eb5e650585f169e4716eb1415f55bfd7c; reference only; publication/unit/scope not certified
ZENODO_PDF_ACB_20261009_154413_444233,https://cafef1.mediacdn.vn/Images/Uploaded/DuLieuDownload/BCTC/ACB_25CN_BCTN.pdf,2026-10-09T15:44:16.110025+07:00,ACB/ACB_25CN_BCTN.pdf,local_cache_checked_sha256; downloaded_at=2026-10-09T14:33:13.420399+07:00; catalog=https://zenodo.org/records/20949551; SHA256 verified bf983a7f9569e2ffba84a81ccaff6d03762f1a7097aabe2ce26091496281771b; report year 2025; original publication/scope not certified
VAL_PROFILE_VIB_ACB_20261009_154413_444233,https://kbbuddywts.kbsec.com.vn/iis-server/investment/stockinfo/profile/VIB?l=1,2026-10-09T15:44:19.488352+07:00,profile.KLCPLH,Current shares; annual equity held constant as an explicit scenario assumption
VAL_YAHOO_VIB_ACB_20261009_154413_444233,https://query1.finance.yahoo.com/v8/finance/chart/VIB.VN?period1=1787590800&period2=1791478800&interval=1d&events=div%2Csplits,2026-10-09T15:44:19.741422+07:00,2026-10-08,Only closing price on this date cross-checked; not full adjustment history
VAL_KBS_VIB_ACB_20261009_154413_444233,https://kbbuddywts.kbsec.com.vn/iis-server/investment/stocks/VIB/data_day?sdate=25-08-2026&edate=08-10-2026,2026-10-09T15:44:20.072258+07:00,2026-10-08,Only closing price on this date cross-checked; not full adjustment history
VAL_PROFILE_NAB_ACB_20261009_154413_444233,https://kbbuddywts.kbsec.com.vn/iis-server/investment/stockinfo/profile/NAB?l=1,2026-10-09T15:44:19.488352+07:00,profile.KLCPLH,Current shares; annual equity held constant as an explicit scenario assumption
VAL_YAHOO_NAB_ACB_20261009_154413_444233,https://query1.finance.yahoo.com/v8/finance/chart/NAB.VN?period1=1787590800&period2=1791478800&interval=1d&events=div%2Csplits,2026-10-09T15:44:19.668355+07:00,2026-10-08,Only closing price on this date cross-checked; not full adjustment history
VAL_KBS_NAB_ACB_20261009_154413_444233,https://kbbuddywts.kbsec.com.vn/iis-server/investment/stocks/NAB/data_day?sdate=25-08-2026&edate=08-10-2026,2026-10-09T15:44:19.971997+07:00,2026-10-08,Only closing price on this date cross-checked; not full adjustment history
NSO_ACB_20261009_154413_444233_0,https://www.nso.gov.vn/bai-top/2026/10/bao-cao-tinh-hinh-kinh-te-xa-hoi-quy-iii-va-9-thang-nam-2026/,2026-10-09T15:44:18.941353+07:00,Báo cáo tình hình kinh tế - xã hội quý III và 9 tháng năm 2026,NSO; published 2026-10-03; reference 9/2026; raw NSO_ACB_20261009_154413_444233_0.html
WDI_cpi_annual_ACB_20261009_154413_444233,https://api.worldbank.org/v2/country/VNM/indicator/FP.CPI.TOTL.ZG?format=json&per_page=20,2026-10-09T15:44:19.263910+07:00,cpi_annual,World Bank WDI annual; lastupdated not first release; historical/stale observations labeled
WDI_fx_annual_ACB_20261009_154413_444233,https://api.worldbank.org/v2/country/VNM/indicator/PA.NUS.FCRF?format=json&per_page=20,2026-10-09T15:44:19.264924+07:00,fx_annual,World Bank WDI annual; lastupdated not first release; historical/stale observations labeled
WDI_gdp_annual_ACB_20261009_154413_444233,https://api.worldbank.org/v2/country/VNM/indicator/NY.GDP.MKTP.KD.ZG?format=json&per_page=20,2026-10-09T15:44:19.267908+07:00,gdp_annual,World Bank WDI annual; lastupdated not first release; historical/stale observations labeled
WDI_lending_annual_ACB_20261009_154413_444233,https://api.worldbank.org/v2/country/VNM/indicator/FR.INR.LEND?format=json&per_page=20,2026-10-09T15:44:19.264924+07:00,lending_annual,World Bank WDI annual; lastupdated not first release; historical/stale observations labeled
SECTOR_8355_ACB_20261009_154413_444233,https://iq.vietcap.com.vn/api/iq-insight-service/v2/company/search-bar?language=1,2026-10-09T15:19:58.189691+07:00,Vietcap ICB; level 4; code 8355; Ngân hàng,Vietcap ICB; cache_under_1h; current classification; ratings/targets/intraday quote fields excluded
PEER_VIB_balance_ACB_20261009_154413_444233,https://kbbuddywts.kbsec.com.vn/iis-server/investment/stock/finance-info/VIB?page=1&pageSize=4&unit=1000&termtype=1&type=CDKT&languageid=1,2026-10-09T15:44:18.206987+07:00,VIB balance,KBS annual peer snapshot; period and scope checked; not independently verified
PEER_VIB_income_ACB_20261009_154413_444233,https://kbbuddywts.kbsec.com.vn/iis-server/investment/stock/finance-info/VIB?page=1&pageSize=4&unit=1000&termtype=1&type=KQKD&languageid=1,2026-10-09T15:44:18.511441+07:00,VIB income,KBS annual peer snapshot; period and scope checked; not independently verified
PEER_VIB_cashflow_ACB_20261009_154413_444233,https://kbbuddywts.kbsec.com.vn/iis-server/investment/stock/finance-info/VIB?page=1&pageSize=4&unit=1000&termtype=1&type=LCTT&termType=1&code=VIB,2026-10-09T15:44:18.531944+07:00,VIB cashflow,KBS annual peer snapshot; period and scope checked; not independently verified
PEER_NAB_balance_ACB_20261009_154413_444233,https://kbbuddywts.kbsec.com.vn/iis-server/investment/stock/finance-info/NAB?page=1&pageSize=4&unit=1000&termtype=1&type=CDKT&languageid=1,2026-10-09T15:44:17.173880+07:00,NAB balance,KBS annual peer snapshot; period and scope checked; not independently verified
PEER_NAB_income_ACB_20261009_154413_444233,https://kbbuddywts.kbsec.com.vn/iis-server/investment/stock/finance-info/NAB?page=1&pageSize=4&unit=1000&termtype=1&type=KQKD&languageid=1,2026-10-09T15:44:18.478057+07:00,NAB income,KBS annual peer snapshot; period and scope checked; not independently verified
PEER_NAB_cashflow_ACB_20261009_154413_444233,https://kbbuddywts.kbsec.com.vn/iis-server/investment/stock/finance-info/NAB?page=1&pageSize=4&unit=1000&termtype=1&type=LCTT&termType=1&code=NAB,2026-10-09T15:44:18.548153+07:00,NAB cashflow,KBS annual peer snapshot; period and scope checked; not independently verified
